DROP,%UNWEIGHTED ILI
0,0.623848
1,1.32138
2,0.818738
3,1.27939
4,0.72338
5,0.0688705
6,0.747384
7,2.27633
8,3.23494
9,0.815801
10,1.13255
11,1.06078
12,0.814736
13,0.79041
14,0.0202143
15,0.877193
16,2.46139
17,3.04965
18,1.22584
19,1.98675
20,1.03141
21,0.89172
22,0.829771
23,0.0414594
24,0.89955
25,2.16592
26,2.22017
27,1.62169
28,1.96721
29,0.98789
30,0.739697
31,0.334635
32,0.0504032
33,1.059
34,2.31529
35,1.07447
36,0.780165
37,1.12721
38,1.3443
39,0.648686
40,0.966329
41,0.026448
42,1.69492
43,2.44349
44,1.78317
45,0.834461
46,1.4936
47,1.51128
48,0.781893
49,0.773329
50,0.0362319
51,1.92308
52,1.85571
53,2.10266
54,0.607441
55,2.58745
56,1.30957
57,1.04505
58,0.93423
59,0
60,2.118
61,2.48437
62,3.43944
63,0.707471
64,2.9149
65,1.6234
66,1.12477
67,1.08235
68,0.158103
69,2.61137
70,2.87365
71,1.97954
72,1.0518
73,2.07469
74,2.02541
75,0.949848
76,1.08593
77,0
78,2.44821
79,2.4673
80,1.50943
81,1.2047
82,1.68367
83,1.74846
84,1.12644
85,1.11923
86,0.0261301
87,2.7027
88,2.4717
89,1.55405
90,1.00219
91,2.30461
92,1.94459
93,1.70772
94,1.48838
95,0.151561
96,2.54873
97,2.49568
98,2.08333
99,0.910094
100,3.56898
101,1.84007
102,1.61363
103,1.59314
104,0.139567
105,3.861
106,3.56173
107,2.48212
108,1.25144
109,3.27983
110,3.29661
111,1.62675
112,3.67454
113,0.0662252
114,4.62633
115,3.8409
116,4.25532
117,2.678
118,3.66577
119,4.00501
120,3.46438
121,2.58981
122,0.845351
123,6.79887
124,4.0389
125,7.97697
126,1.92531
127,5.06403
128,2.71127
129,2.92316
130,3.47939
131,0.86593
132,7.33591
133,5.85662
134,5.36246
135,1.84365
136,4.64049
137,2.71645
138,4.08813
139,3.63327
140,0.833985
141,6.09418
142,6.02466
143,4.89308
144,3.06924
145,4.82997
146,3.96873
147,8.26842
148,2.85805
149,2.0112
150,4.34193
151,6.5441
152,8.55457
153,4.36508
154,4.94479
155,5.12162
156,9.08171
157,2.99639
158,1.98735
159,4
160,5.70478
161,6.79581
162,6.01561
163,5.08083
164,4.80304
165,9.87279
166,2.8169
167,1.7341
168,6.66667
169,4.22625
170,5.60967
171,5.61518
172,4.85313
173,3.87943
174,6.46633
175,2.80089
176,2.55567
177,6.28492
178,2.96549
179,5.36301
180,5.12469
181,3.22222
182,3.18339
183,3.28947
184,2.37672
185,1.00849
186,4.6729
187,2.28536
188,4.96622
189,2.58802
190,2.32822
191,2.14297
192,2.97872
193,1.64996
194,0.365186
195,4.03338
196,2.09083
197,2.98669
198,1.57886
199,2.07577
200,1.32517
201,1.51914
202,1.14183
203,0.335196
204,2.32558
205,1.5429
206,2.71739
207,0.652103
208,2.95739
209,1.96581
210,1.18676
211,0.848574
212,0.365535
213,2.42424
214,1.31048
215,2.88231
216,0.332502
217,2.5
218,1.37571
219,1.45278
220,0.883524
221,0.0358809
222,1.25984
223,0.987616
224,1.68539
225,0.31635
226,2.77939
227,0.956814
228,0.49663
229,1.03111
230,0.0366569
231,0.482315
232,1.35218
233,1.74129
234,0.257022
235,2.69231
236,0.784147
237,0.691754
238,0.583554
239,0.111359
240,0.162075
241,0.806772
242,1.48798
243,0.243309
244,2.23136
245,1.01128
246,0.843223
247,0.684532
248,0.0462963
249,0
250,0.894648
251,1.73709
252,0.116306
253,1.56018
254,0.576214
255,1.30529
256,0.444586
257,0.038625
258,0.372439
259,0.638236
260,1.56375
261,0.149105
262,2.3088
263,0.734226
264,0.36075
265,0.60551
266,0.0406339
267,0.327332
268,0.787655
269,1.23932
270,0.069029
271,1.6163
272,0.83201
273,0.692574
274,0.65961
275,0.0410172
276,0
277,0.673882
278,1.54457
279,0.128932
280,1.04418
281,0.745752
282,0.463744
283,0.645974
284,0
285,0
286,0.706822
287,0.809889
288,0.103842
289,1.11111
290,0.599639
291,0.494604
292,0.483209
293,0
294,0
295,1.22362
296,0.978307
297,0.0561798
298,0.883002
299,0.626243
300,0.140845
301,0.739075
302,0.04914
303,0
304,1.38737
305,1.38304
306,0.505618
307,1.72463
308,0.558599
309,0.534313
310,0.348331
311,0.722335
312,0.0579374
313,1.2417
314,0.930736
315,0.428555
316,1.09053
317,0.762662
318,0.860876
319,0.818474
320,0.714436
321,0
322,0.999236
323,0.895979
324,0.593585
325,1.45488
326,0.712661
327,1.13892
328,0.569517
329,0.585652
330,0.412128
331,1.3111
332,1.23762
333,0.363851
334,1.36528
335,1.54039
336,1.76733
337,0.856677
338,0.589159
339,0.197183
340,1.15856
341,1.51485
342,0.520776
343,2.40625
344,0.513505
345,1.14609
346,1.12948
347,1.1825
348,0.713679
349,1.30191
350,1.69703
351,0.770469
352,1.98175
353,0.563953
354,0.97561
355,1.25808
356,1.5012
357,0.252525
358,1.19715
359,1.26002
360,0.755304
361,2.05663
362,0.66242
363,1.29491
364,1.32977
365,1.17948
366,0.695825
367,1.41598
368,1.23159
369,0.658436
370,2.3022
371,1.68981
372,1.05188
373,1.73396
374,1.82942
375,0.830662
376,1.40632
377,1.21917
378,0.719881
379,1.70732
380,0.949624
381,1.27566
382,1.26914
383,1.3227
384,0.543945
385,1.33522
386,0.944225
387,0.765829
388,1.2853
389,1.15682
390,1.63095
391,1.27111
392,1.41992
393,0.442087
394,1.04365
395,1.57729
396,0.485044
397,1.69647
398,0.863043
399,1.94459
400,1.31728
401,1.80814
402,0.372638
403,1.28255
404,1.33191
405,1.06817
406,1.85185
407,0.928516
408,1.74463
409,1.78552
410,2.80552
411,0.910569
412,1.67722
413,2.1322
414,1.1423
415,1.68909
416,1.64623
417,1.61177
418,1.52962
419,2.25708
420,1.93845
421,2.22526
422,2.55064
423,1.18754
424,1.89587
425,1.01825
426,1.3335
427,1.3308
428,2.20622
429,1.68974
430,2.77354
431,3.01758
432,2.0273
433,4.45151
434,1.68545
435,1.15155
436,2.34765
437,2.76655
438,4.77131
439,2.97696
440,3.51799
441,2.38655
442,4.05616
443,2.87506
444,2.77427
445,4.20557
446,3.53249
447,2.783
448,4.32358
449,4.926
450,2.5174
451,4.45363
452,4.09279
453,3.28185
454,3.43059
455,5.59805
456,2.56757
457,4.72965
458,5.31714
459,5.87928
460,3.72011
461,6.31984
462,5.67383
463,4.54116
464,4.25699
465,4.90876
466,4.33735
467,4.2946
468,5.83518
469,5.28684
470,7.01722
471,5.01781
472,3.93926
473,4.82388
474,5.88523
475,3.6978
476,4.03138
477,5.40215
478,3.88971
479,6.92037
480,4.96483
481,3.8432
482,4.00132
483,5.45069
484,2.98101
485,4.24484
486,5.59763
487,4.60927
488,5.56897
489,3.78875
490,3.94331
491,4.32088
492,6.83956
493,2.86401
494,3.17175
495,4.86456
496,4.0621
497,4.83778
498,3.32515
499,3.61099
500,3.73692
501,4.71277
502,3.44957
503,3.4805
504,2.87474
505,3.82696
506,2.96691
507,2.50536
508,2.65615
509,5.99415
510,4.67995
511,2.57505
512,3.02766
513,1.9517
514,4.27215
515,2.94073
516,2.732
517,2.34168
518,2.70839
519,3.34928
520,1.57317
521,2.52708
522,1.71077
523,3.04503
524,1.55318
525,1.41287
526,2.37218
527,1.73218
528,2.49554
529,2.27663
530,2.92887
531,0.819672
532,2.0132
533,1.09931
534,1.23856
535,1.21314
536,1.1768
537,1.41627
538,1.83915
539,1.99531
540,0.619383
541,1.86916
542,0.648984
543,0.607454
544,0.802139
545,0.730855
546,0.506899
547,1.2409
548,1.55532
549,0.336221
550,1.79252
551,0.378317
552,0.650217
553,0.693481
554,0.111576
555,0.277778
556,0.989151
557,1.14754
558,0.341964
559,1.41253
560,0.189231
561,0.598802
562,0.579223
563,0.0878735
564,0.0576037
565,0.370199
566,1.46856
567,0.484094
568,1.19349
569,0.22659
570,0.65184
571,0.418449
572,0.340347
573,0.223214
574,1.30866
575,1.02362
576,0.1582
577,1.28845
578,0.104281
579,0.561293
580,0.468734
581,0.0631313
582,0.0292056
583,0.192272
584,1.18451
585,0.216685
586,2.0885
587,0.1101
588,0.49239
589,0.44891
590,0.0346141
591,0.0626763
592,1.02947
593,0.774793
594,0.0194704
595,1.71794
596,0.217555
597,0.544161
598,0.524877
599,0.123916
600,0
601,0.952842
602,0.883652
603,0.272716
604,1.4661
605,0.497422
606,1.01626
607,1.45897
608,0.0987362
609,0.658436
610,1.58861
611,1.37592
612,0.526981
613,1.93747
614,0.490858
615,1.30402
616,1.4945
617,0.46608
618,0.869232
619,1.54385
620,1.74346
621,0.295829
622,2.59039
623,0.667269
624,1.02564
625,1.49569
626,0.443599
627,0.478469
628,1.00373
629,1.09773
630,0.436253
631,1.723
632,0.793913
633,1.21951
634,1.39187
635,0.574713
636,0.260694
637,1.34262
638,1.00825
639,0.728472
640,1.91631
641,0.649763
642,1.22089
643,1.44801
644,1.00083
645,0.849231
646,1.61052
647,1.84564
648,0.57596
649,2.00893
650,0.867011
651,1.05382
652,1.48726
653,0.932111
654,0.630019
655,1.79489
656,1.52
657,0.639974
658,1.83415
659,0.854212
660,0.890975
661,1.60898
662,1.19158
663,1.03007
664,1.75255
665,1.8412
666,0.949752
667,1.50621
668,1.18319
669,0.748611
670,1.82075
671,1.3444
672,2.04807
673,2.62637
674,2.79614
675,1.08592
676,1.65846
677,1.39708
678,1.08323
679,1.55592
680,1.17848
681,2.9768
682,2.38192
683,3.58047
684,1.47621
685,2.0657
686,1.72886
687,1.65202
688,2.0307
689,1.44425
690,3.27755
691,3.53034
692,4.16218
693,1.92275
694,2.23104
695,3.53901
696,2.72855
697,2.2915
698,2.19009
699,3.55289
700,3.24199
701,4.55019
702,2.57955
703,4.07312
704,5.08813
705,3.29678
706,3.82661
707,3.70847
708,5.1168
709,5.0728
710,7.35717
711,3.75079
712,4.51229
713,7.07862
714,5.02257
715,4.92769
716,6.59257
717,8.2742
718,5.09317
719,8.43863
720,4.38662
721,5.22839
722,5.7708
723,3.59793
724,5.27756
725,5.75057
726,7.45614
727,4.77512
728,5.3167
729,4.62169
730,3.28062
731,4.19807
732,2.90232
733,4.56667
734,4.53401
735,4.65003
736,3.17859
737,4.77969
738,2.70378
739,3.02988
740,2.80095
741,1.98715
742,3.80365
743,4.36224
744,2.15487
745,2.77891
746,3.08778
747,1.93251
748,2.20475
749,2.01586
750,1.28456
751,3.23733
752,3.18712
753,1.2491
754,2.00125
755,3.02613
756,1.38365
757,2.05636
758,1.61714
759,0.954198
760,2.40752
761,2.44355
762,1.12506
763,2.06118
764,2.16357
765,0.97629
766,2.08521
767,1.673
768,0.874469
769,1.95981
770,1.5254
771,0.440319
772,2.01449
773,2.30047
774,0.832095
775,1.80744
776,0.982219
777,0.860674
778,1.50305
779,0.571615
780,0.310485
781,1.88732
782,1.14784
783,0.740491
784,1.43416
785,0.761913
786,0.468541
787,1.21234
788,0.715063
789,0.210526
790,1.80324
791,1.35135
792,0.456185
793,1.72172
794,0.871219
795,0.659532
796,1.48608
797,0.504016
798,0.680272
799,1.73526
800,0.979935
801,0.363636
802,1.51208
803,0.691455
804,0.582917
805,1.20233
806,0.469383
807,0.742574
808,1.42954
809,0.592255
810,0.621512
811,1.9591
812,0.554861
813,0.753453
814,0.875618
815,0.155763
816,0.374532
817,1.3215
818,0.835509
819,0.363226
820,1.21248
821,0.487616
822,0.805609
823,0.947689
824,0.127854
825,0
826,1.45745
827,0.897364
828,0.225175
829,1.61922
830,0.44481
831,0.595147
832,0.844018
833,0.151315
834,0
835,1.30749
836,0.4884
837,0.218394
838,1.56541
839,0.405157
840,0.556192
841,0.795303
842,0.111794
843,0.454545
844,1.0895
845,0.318066
846,0.155726
847,0.987092
848,0.345056
849,0.4423
850,0.725315
851,0.115821
852,0.277008
853,0.860599
854,0.326797
855,0.159084
856,0.873642
857,0.297974
858,0.563834
859,0.819081
860,0.153257
861,0.377358
862,0.242074
863,0.276243
864,0.16835
865,0.767881
866,0.268745
867,0.809061
868,0.77387
869,0.0763359
870,0.259067
871,0.301253
872,0.217746
873,0.161527
874,0.684346
875,0.323834
876,0.488599
877,0.973294
878,0
879,0.2331
880,0.159039
881,0.283688
882,0.0810373
883,0.899281
884,0.304088
885,0.652884
886,0.510798
887,0.0418936
888,0.241838
889,0.168373
890,0.205058
891,0.0557207
892,0.973574
893,0.245668
894,0.555556
895,0.568032
896,0
897,0.247831
898,0.242301
899,0.430416
900,0.581188
901,1.02195
902,1.29903
903,1.43317
904,0.774396
905,2.59
906,0.948992
907,1.08441
908,1.42211
909,0.65176
910,1.44009
911,1.10613
912,1.56055
913,0.678114
914,2.42898
915,0.0537538
916,0.900714
917,2.40164
918,0.456704
919,1.80758
920,1.16737
921,0.979136
922,1.32669
923,1.98566
924,0.239776
925,0.927483
926,1.5566
927,0.309677
928,1.81945
929,1.13118
930,1.19295
931,1.75497
932,1.81092
933,0.141703
934,0.889071
935,1.76991
936,0.379082
937,1.08015
938,1.01183
939,0.543792
940,1.26243
941,2.94712
942,0.20436
943,1.61235
944,2.00508
945,0.561896
946,1.17784
947,1.34889
948,1.13881
949,1.63017
950,2.64446
951,0.402881
952,1.56344
953,1.88791
954,0.592885
955,1.4951
956,1.00014
957,1.11364
958,1.68918
959,3.06151
960,0.410204
961,1.85612
962,2.08122
963,0.696954
964,1.71668
965,1.42529
966,1.39723
967,2.11937
968,4.07432
969,0.330777
970,2.02904
971,1.84342
972,0.729437
973,1.75388
974,1.33336
975,0.546368
976,1.59682
977,3.09122
978,0.561956
979,1.87237
980,2.51507
981,1.34069
982,1.86415
983,1.25743
984,1.17673
985,1.45361
986,3.28551
987,0.571081
988,2.1655
989,2.73748
990,0.704739
991,1.69476
992,1.69324
993,1.26996
994,1.75951
995,4.38217
996,1.28582
997,2.24661
998,4.09541
999,0.869723
1000,1.50804
1001,1.95235
1002,0.913659
1003,2.03073
1004,5.3569
1005,3.05725
1006,2.65372
1007,4.80097
1008,1.88955
1009,2.03179
1010,2.83732
1011,1.57407
1012,2.09637
1013,5.93694
1014,4.89518
1015,4.21858
1016,6.16279
1017,2.36957
1018,2.10835
1019,2.40833
1020,1.17614
1021,2.14883
1022,5.92412
1023,6.32107
1024,3.87889
1025,4.32264
1026,2.3677
1027,1.85019
1028,2.50636
1029,1.8346
1030,2.34015
1031,4.91153
1032,4.2168
1033,4.06024
1034,4.58942
1035,2.83028
1036,3.16413
1037,3.20764
1038,3.04665
1039,2.94061
1040,6.75937
1041,3.68886
1042,4.28564
1043,5.36387
1044,3.8257
1045,3.17257
1046,4.09161
1047,3.36726
1048,3.17111
1049,8.14191
1050,4.1276
1051,3.92723
1052,4.96743
1053,4.34594
1054,3.88649
1055,4.12161
1056,3.24328
1057,3.41425
1058,6.80699
1059,2.28481
1060,3.53703
1061,4.78842
1062,3.70818
1063,3.20125
1064,3.93153
1065,2.54499
1066,2.89255
1067,6.95459
1068,1.29257
1069,3.25321
1070,4.72488
1071,2.80563
1072,2.39735
1073,3.03383
1074,1.86074
1075,2.57478
1076,4.79144
1077,0.647623
1078,2.85184
1079,3.78757
1080,2.49768
1081,2.26974
1082,2.74854
1083,1.9927
1084,1.84462
1085,4.61137
1086,0.302453
1087,2.311
1088,3.90684
1089,1.57421
1090,1.31985
1091,2.59335
1092,1.52508
1093,1.17213
1094,2.02857
1095,0.187926
1096,1.97331
1097,3.89749
1098,1.23258
1099,1.3588
1100,2.20815
1101,1.22878
1102,0.911036
1103,3.95978
1104,0.0809436
1105,1.41132
1106,4.1498
1107,0.681007
1108,1.04606
1109,1.50741
1110,0.656637
1111,0.780362
1112,3.41677
1113,0.0369914
1114,1.36613
1115,4.70367
1116,0.840815
1117,1.15171
1118,1.55744
1119,0.865052
1120,0.728708
1121,3.75815
1122,0.0742023
1123,1.35708
1124,3.09789
1125,0.490248
1126,0.895037
1127,1.10969
1128,0.720339
1129,0.593678
1130,4.95229
1131,0.0245821
1132,1.49075
1133,1.43386
1134,0.488918
1135,0.805096
1136,0.960276
1137,0.844107
1138,0.509655
1139,4.6425
1140,0.265957
1141,1.10516
1142,2.35131
1143,0.545033
1144,0.702097
1145,0.521777
1146,0.708094
1147,0.51904
1148,3.72517
1149,0.502934
1150,1.11804
1151,2.20126
1152,0.457038
1153,0.837404
1154,0.609756
1155,0.505823
1156,0.359679
1157,3.86665
1158,0.487805
1159,1.15794
1160,2.46273
1161,0.203097
1162,0.704019
1163,0.414583
1164,0.585106
1165,0.359806
1166,3.14994
1167,0.169492
1168,0.877387
1169,2.44073
1170,0.382241
1171,0.78637
1172,0.398925
1173,0.466853
1174,0.313324
1175,3.26149
1176,0
1177,0.818611
1178,1.49935
1179,0.415576
1180,0.910574
1181,0.389123
1182,0.491504
1183,0.364103
1184,3.37026
1185,1.01471
1186,0.599492
1187,1.80602
1188,0.685733
1189,0.492341
1190,0.249748
1191,0.723473
1192,0.474568
1193,3.06046
1194,0.531915
1195,0.218731
1196,1.0355
1197,0.590139
1198,1.17048
1199,0.943723
1200,1.57566
1201,0.723676
1202,1.03292
1203,0.283381
1204,1.27437
1205,1.81361
1206,0.722022
1207,1.23256
1208,1.12191
1209,1.09681
1210,0.973569
1211,1.24807
1212,0.659196
1213,1.10792
1214,2.00422
1215,0.893977
1216,1.18584
1217,1.13738
1218,1.07555
1219,0.998912
1220,1.23146
1221,0.438596
1222,1.27839
1223,2.59708
1224,0.93449
1225,1.588
1226,1.40638
1227,1.23871
1228,0.950095
1229,1.25549
1230,0.440762
1231,1.28327
1232,2.36595
1233,0.803952
1234,1.32165
1235,1.31811
1236,1.43885
1237,1.15214
1238,2.41259
1239,0.436575
1240,1.11201
1241,2.824
1242,0.732533
1243,1.47175
1244,1.56102
1245,1.13077
1246,1.02213
1247,1.40617
1248,0.43238
1249,1.06658
1250,2.08002
1251,0.495026
1252,1.3816
1253,1.38805
1254,1.10171
1255,0.977444
1256,1.3678
1257,0.436191
1258,1.48399
1259,4.72034
1260,0.776928
1261,1.38366
1262,1.70583
1263,1.25298
1264,0.868844
1265,1.48324
1266,0.102715
1267,1.85161
1268,4.13553
1269,0.703913
1270,1.34407
1271,1.63086
1272,1.14189
1273,0.857152
1274,1.46938
1275,1.53257
1276,1.49918
1277,3.79747
1278,0.713113
1279,1.37938
1280,1.52836
1281,0.938929
1282,0.784339
1283,1.10832
1284,0.322884
1285,1.59124
1286,3.2254
1287,0.821291
1288,1.22108
1289,1.47333
1290,1.00956
1291,0.832033
1292,0.948905
1293,0.163488
1294,1.71671
1295,3.16576
1296,0.738391
1297,1.28026
1298,1.85637
1299,1.09067
1300,1.00394
1301,1.3946
1302,1.45392
1303,2.04056
1304,3.50195
1305,1.3342
1306,1.94514
1307,2.43982
1308,1.08115
1309,1.6872
1310,2.04193
1311,1.03116
1312,2.79888
1313,4.21073
1314,1.18976
1315,2.07747
1316,2.38027
1317,0.93902
1318,1.46897
1319,1.42635
1320,0.148588
1321,2.42374
1322,3.98445
1323,1.22868
1324,1.76851
1325,1.67528
1326,1.20472
1327,1.33551
1328,1.46843
1329,0.358761
1330,2.13644
1331,3.72679
1332,1.29131
1333,2.58359
1334,1.78276
1335,1.16402
1336,2.07123
1337,2.20149
1338,1.59487
1339,2.51249
1340,3.89645
1341,1.60523
1342,4.43878
1343,2.3923
1344,2.15561
1345,3.05862
1346,2.01342
1347,0.58639
1348,3.98147
1349,3.90043
1350,2.56854
1351,3.97015
1352,2.44919
1353,2.86892
1354,2.44186
1355,2.15403
1356,2.50779
1357,3.78416
1358,4.11858
1359,2.51098
1360,2.68409
1361,2.82726
1362,3.17523
1363,2.3522
1364,2.84421
1365,1.44352
1366,4.20723
1367,4.06843
1368,2.86798
1369,2.50576
1370,3.52217
1371,3.75375
1372,2.50305
1373,2.59084
1374,1.33871
1375,3.70867
1376,5.44704
1377,2.36262
1378,2.21303
1379,3.76047
1380,3.20729
1381,2.34724
1382,2.8583
1383,1.77116
1384,4.19509
1385,4.50008
1386,1.70911
1387,2.22091
1388,3.54605
1389,2.75887
1390,1.90151
1391,3.15368
1392,2.73651
1393,2.96661
1394,4.33951
1395,0.890174
1396,1.82897
1397,2.59178
1398,2.46684
1399,1.54675
1400,2.07334
1401,1.62798
1402,2.51072
1403,4.76877
1404,0.763035
1405,2.03678
1406,2.21989
1407,1.59079
1408,1.43874
1409,1.8776
1410,1.82482
1411,2.16647
1412,4.67336
1413,0.76265
1414,1.82016
1415,2.14931
1416,1.42987
1417,0.967125
1418,1.30112
1419,0.792231
1420,1.79232
1421,3.92459
1422,0.652118
1423,1.28619
1424,2.01986
1425,0.95355
1426,0.690572
1427,0.955189
1428,0.624164
1429,1.76664
1430,5.22096
1431,0.749436
1432,1.17097
1433,1.56499
1434,1.13668
1435,0.81227
1436,1.13331
1437,0.386451
1438,1.12323
1439,2.95343
1440,0.533171
1441,0.918619
1442,1.01028
1443,0.91352
1444,0.618925
1445,0.135318
1446,1.48011
1447,1.03782
1448,2.03995
1449,0.690189
1450,0.781056
1451,0.881418
1452,0.890448
1453,0.564815
1454,0.0528681
1455,0.397351
1456,0.909418
1457,2.27273
1458,0.363103
1459,0.643902
1460,0.667842
1461,0.795948
1462,0.677083
1463,0.0310849
1464,0
1465,0.908842
1466,2.08333
1467,0.207055
1468,0.623952
1469,0.521201
1470,0.681549
1471,0.417335
1472,0.0665115
1473,0
1474,1.00216
1475,2.20157
1476,0.215567
1477,0.57181
1478,0.567987
1479,0.694375
1480,0.562784
1481,0.137127
1482,0
1483,0.963259
1484,2.07254
1485,0.258873
1486,0.527784
1487,0.382739
1488,0.845845
1489,0.346701
1490,0.0951022
1491,0
1492,1.05962
1493,1.79261
1494,0.714586
1495,1.29966
1496,1.46232
1497,0.867525
1498,1.17464
1499,1.05021
1500,0.17103
1501,1.37479
1502,1.3914
1503,0.469154
1504,1.53623
1505,1.71257
1506,0.717
1507,1.17098
1508,1.00204
1509,0.188257
1510,1.44933
1511,1.48805
1512,0.405581
1513,1.40729
1514,1.50539
1515,0.817715
1516,1.17379
1517,0.974258
1518,0.320171
1519,1.2037
1520,1.28007
1521,0.545317
1522,1.59639
1523,1.5994
1524,0.798944
1525,1.1893
1526,0.958009
1527,0.461467
1528,1.45731
1529,1.97752
1530,0.560757
1531,1.43861
1532,1.66721
1533,0.929466
1534,1.24614
1535,1.01022
1536,0.710951
1537,1.58446
1538,1.88063
1539,0.488515
1540,1.60106
1541,1.73894
1542,1.10975
1543,1.38866
1544,1.08155
1545,1.18059
1546,1.69699
1547,1.5904
1548,0.425573
1549,1.56675
1550,1.81246
1551,1.12031
1552,1.3155
1553,1.11933
1554,0.780608
1555,1.68778
1556,1.68269
1557,0.459746
1558,1.47095
1559,1.60808
1560,1.06037
1561,1.43216
1562,0.81007
1563,1.04116
1564,1.5663
1565,1.60712
1566,0.664251
1567,1.81623
1568,1.87357
1569,1.08427
1570,1.80822
1571,0.781669
1572,0.790374
1573,1.33457
1574,1.60114
1575,0.592108
1576,1.73417
1577,1.6491
1578,1.1199
1579,1.34557
1580,0.840027
1581,1.046
1582,1.09123
1583,1.33938
1584,0.565836
1585,1.58829
1586,1.78089
1587,1.09457
1588,1.22228
1589,1.16613
1590,2.12018
1591,0.909371
1592,1.65272
1593,0.663217
1594,1.80935
1595,1.94261
1596,1.37509
1597,1.62333
1598,1.18821
1599,4.85248
1600,1.12331
1601,2.05826
1602,0.710952
1603,1.8878
1604,2.78029
1605,2.28188
1606,2.25265
1607,1.75589
1608,3.52436
1609,1.52283
1610,3.30291
1611,0.70735
1612,1.66071
1613,2.73696
1614,2.13876
1615,1.98175
1616,3.15765
1617,4.18321
1618,1.18971
1619,2.96875
1620,0.5542
1621,1.4978
1622,2.0279
1623,1.50222
1624,1.40815
1625,1.83204
1626,2.83558
1627,1.4475
1628,2.83819
1629,0.970328
1630,2.02488
1631,2.22429
1632,2.02987
1633,1.48635
1634,2.33214
1635,3.46549
1636,1.37921
1637,3.14076
1638,1.14289
1639,1.9992
1640,3.53351
1641,2.84735
1642,2.26448
1643,3.38533
1644,5.71269
1645,1.39084
1646,2.89381
1647,1.37654
1648,2.07262
1649,4.2255
1650,2.82256
1651,2.91162
1652,4.24715
1653,5.17216
1654,1.95667
1655,3.01102
1656,2.16136
1657,2.92408
1658,4.51678
1659,2.2636
1660,3.19271
1661,4.41365
1662,3.77916
1663,2.35877
1664,4.18764
1665,2.4086
1666,2.95359
1667,3.95588
1668,1.66229
1669,3.45923
1670,3.22773
1671,3.30964
1672,2.49246
1673,3.92731
1674,2.28548
1675,2.93535
1676,3.78698
1677,1.60745
1678,3.16944
1679,3.86029
1680,1.33333
1681,2.71745
1682,4.61981
1683,1.87995
1684,1.971
1685,2.89806
1686,1.85164
1687,2.34798
1688,1.78343
1689,0.935686
1690,2.44741
1691,4.14762
1692,1.52388
1693,1.17824
1694,2.18777
1695,1.62206
1696,2.01057
1697,2.01228
1698,2.14195
1699,1.96881
1700,3.75477
1701,1.34355
1702,1.64125
1703,1.74742
1704,1.35899
1705,1.82922
1706,1.24853
1707,0.954068
1708,1.91592
1709,3.45666
1710,0.763506
1711,1.5413
1712,1.60764
1713,1.19338
1714,1.76064
1715,0.992063
1716,0.813517
1717,1.56221
1718,4.12388
1719,0.573817
1720,1.35347
1721,1.13229
1722,0.993806
1723,1.62946
1724,1.29253
1725,0.440728
1726,1.12471
1727,2.66947
1728,0.481912
1729,1.32971
1730,1.17283
1731,0.852219
1732,1.24009
1733,1.7898
1734,0.485496
1735,0.85348
1736,2.10077
1737,0.353781
1738,1.35222
1739,0.875868
1740,0.80429
1741,1.35863
1742,1.69193
1743,0.496562
1744,1.08863
1745,1.66384
1746,0.37013
1747,0.918915
1748,0.747285
1749,0.738007
1750,1.10367
1751,1.32325
1752,0.559636
1753,0.702066
1754,1.30484
1755,0.332118
1756,0.938617
1757,0.719329
1758,0.684839
1759,1.33856
1760,1.51029
1761,0.33475
1762,0.544917
1763,1.41649
1764,0.323189
1765,0.692042
1766,0.484206
1767,0.639644
1768,0.96451
1769,1.21951
1770,0.288264
1771,0.478247
1772,0.747198
1773,0.337316
1774,0.787226
1775,0.44396
1776,0.545139
1777,1.28397
1778,0.892381
1779,0.20185
1780,0.377813
1781,0.78143
1782,0.233328
1783,1.09811
1784,0.561222
1785,0.819132
1786,0.674071
1787,0.889558
1788,0.19774
1789,0.391409
1790,0.859466
1791,0.138563
1792,0.607287
1793,0.374146
1794,0.440798
1795,1.11378
1796,1.34148
1797,1.2696
1798,1.28988
1799,0.784676
1800,0.150063
1801,1.12676
1802,0.378318
1803,0.863963
1804,0.818187
1805,1.30874
1806,1.22982
1807,1.2107
1808,0.579897
1809,0.0657549
1810,0.892857
1811,0.346786
1812,0.59761
1813,0.649573
1814,1.52683
1815,0.884956
1816,1.3295
1817,0.924784
1818,0.0962067
1819,0.949288
1820,0.33668
1821,0.490943
1822,0.958084
1823,1.82953
1824,0.747283
1825,1.1555
1826,0.640809
1827,0.244569
1828,0.767649
1829,0.2097
1830,0.395053
1831,0.784706
1832,0.918555
1833,0.602864
1834,0.790514
1835,0.647668
1836,0.139392
1837,0.54076
1838,0.297265
1839,0.40493
1840,0.814579
1841,0.649606
1842,1.31291
1843,1.33431
1844,0.287711
1845,0.107083
1846,0.448783
1847,0.273723
1848,0.443097
1849,0.632187
1850,0.242277
1851,0.475059
1852,1.1431
1853,0.632244
1854,0.121599
1855,0.680128
1856,0.245896
1857,0.527081
1858,0.700309
1859,1.01573
1860,0.668896
1861,1.12704
1862,0.607441
1863,0.106854
1864,0.461148
1865,0.147266
1866,0.491029
1867,0.635844
1868,1.41972
1869,0.92827
1870,0.746479
1871,0.742358
1872,0.126422
1873,0.579858
1874,0.175676
1875,0.345556
1876,0.766009
1877,1.80161
1878,0.761421
1879,0.778015
1880,0.704225
1881,0.124327
1882,0.494685
1883,0.290031
1884,0.470673
1885,0.480538
1886,1.26068
1887,0.255102
1888,0.905701
1889,0.635697
1890,0.212917
1891,0.475664
1892,0.327667
1893,0.434697
1894,0.805153
1895,1.2888
1896,1.0682
1897,0.989419
1898,0.687285
1899,0.121507
1900,0.58734
1901,0.276867
1902,0.305862
1903,0.567351
1904,1.89734
1905,1.25786
1906,1.09758
1907,0.665399
1908,0.117524
1909,0.751395
1910,0.281632
1911,0.342969
1912,0.5812
1913,1.3844
1914,1.16402
1915,1.68384
1916,0.88993
1917,0.257865
1918,0.588295
1919,0.338351
1920,0.36208
1921,0.629654
1922,1.60245
1923,0.852459
1924,1.70609
1925,0.543281
1926,0.155323
1927,0.65085
1928,0.30785
1929,0.373622
1930,0.766824
1931,2.02989
1932,0.820189
1933,2.13777
1934,1.85063
1935,0.069185
1936,0.686587
1937,0.253493
1938,0.663302
1939,0.632532
1940,1.08733
1941,0.956938
1942,1.73536
1943,1.42433
1944,0.0698714
1945,0.753083
1946,0.301668
1947,0.773341
1948,0.717109
1949,0.207641
1950,0.842105
1951,1.73598
1952,1.75109
1953,0.412584
1954,0.941658
1955,0.35145
1956,0.693607
1957,0.885394
1958,0.163208
1959,1.34844
1960,1.77469
1961,1.31737
1962,0.471078
1963,0.643121
1964,1.22796
1965,0.938268
1966,0.554017
1967,2.64169
1968,1.30005
1969,0.801809
1970,0.644657
1971,0.406858
1972,0.768191
1973,1.14771
1974,1.30228
1975,0.7611
1976,2.61049
1977,1.36515
1978,0.825754
1979,0.771024
1980,0.558283
1981,0.748493
1982,1.03747
1983,1.22066
1984,0.716393
1985,2.65814
1986,1.63536
1987,0.82624
1988,1.36097
1989,0.567291
1990,0.678006
1991,1.13634
1992,1.32921
1993,0.80404
1994,2.78038
1995,2.89893
1996,0.682817
1997,1.15328
1998,0.727021
1999,1.13956
2000,1.16062
2001,1.05609
2002,0.98127
2003,3.21431
2004,5.33555
2005,0.940579
2006,1.1648
2007,0.79969
2008,1.05281
2009,1.33569
2010,1.07171
2011,1.26485
2012,3.81992
2013,8.91386
2014,1.0383
2015,1.78855
2016,0.883777
2017,1.375
2018,1.86102
2019,1.53612
2020,1.58024
2021,4.60769
2022,8.19347
2023,2.4362
2024,2.09018
2025,1.21994
2026,1.55428
2027,2.41474
2028,1.64205
2029,2.05657
2030,4.73082
2031,9.13935
2032,3.83248
2033,4.47284
2034,1.6068
2035,1.78163
2036,3.5996
2037,4.23402
2038,3.21847
2039,6.15899
2040,8.54849
2041,5.41004
2042,7.09172
2043,2.26041
2044,2.57876
2045,4.71784
2046,5.06353
2047,4.1315
2048,7.36908
2049,7.89956
2050,5.13408
2051,7.26496
2052,4.81166
2053,4.1743
2054,8.30017
2055,10.0888
2056,6.68196
2057,9.32196
2058,8.84586
2059,4.18396
2060,8.63649
2061,6.32986
2062,5.58167
2063,9.77531
2064,8.42346
2065,7.59206
2066,9.85267
2067,7.66707
2068,3.60427
2069,7.23613
2070,6.71841
2071,5.84515
2072,10.4864
2073,9.57776
2074,8.36273
2075,10.0067
2076,5.9676
2077,3.49529
2078,6.76061
2079,4.98101
2080,4.08661
2081,6.71383
2082,3.73804
2083,5.69792
2084,6.39891
2085,4.06198
2086,2.31717
2087,5.14535
2088,3.08678
2089,2.33032
2090,3.08364
2091,1.96682
2092,3.14911
2093,3.83152
2094,2.51563
2095,1.01604
2096,3.37524
2097,1.85185
2098,1.73554
2099,2.33321
2100,1.27594
2101,2.46428
2102,2.40997
2103,2.22139
2104,0.951533
2105,2.05479
2106,1.42098
2107,1.32817
2108,2.1955
2109,1.34252
2110,2.38566
2111,2.13056
2112,1.89573
2113,1.19575
2114,1.93363
2115,0.835574
2116,1.18958
2117,1.9351
2118,1.0441
2119,2.1029
2120,3.10372
2121,1.77762
2122,1.00283
2123,1.52885
2124,0.647361
2125,1.05606
2126,1.88285
2127,0.863031
2128,1.59886
2129,3.30489
2130,1.24097
2131,1.09874
2132,1.5309
2133,0.558041
2134,1.28898
2135,1.63992
2136,0.887871
2137,1.3886
2138,3.23845
2139,1.28482
2140,0.924814
2141,1.41779
2142,0.533646
2143,1.25682
2144,1.40585
2145,0.819296
2146,1.62263
2147,2.93175
2148,1.01972
2149,0.990749
2150,1.15579
2151,0.424891
2152,0.95964
2153,1.34709
2154,0.719719
2155,1.39889
2156,2.06311
2157,0.717091
2158,0.67891
2159,1.01805
2160,0.341334
2161,0.838372
2162,1.26186
2163,0.708339
2164,1.2885
2165,2.32337
2166,1.00877
2167,0.713109
2168,0.865451
2169,0.373245
2170,1.00995
2171,1.35636
2172,0.814975
2173,1.64186
2174,2.06458
2175,0.610288
2176,0.623848
2177,1.10285
2178,0.355996
2179,1.01853
2180,1.25446
2181,0.474995
2182,1.36392
2183,2.39485
2184,0.647025
2185,0.677792
2186,1.195
2187,0.336999
2188,0.907488
2189,1.3381
2190,0.578839
2191,1.03239
2192,2.54139
2193,0.415415
2194,0.616076
2195,0.744258
2196,0.320877
2197,1.10536
2198,0.928522
2199,0.309373
2200,0.870318
2201,2.31442
2202,0.34857
2203,0.511619
2204,0.694444
2205,0.189274
2206,0.900406
2207,1.01558
2208,0.371539
2209,0.776218
2210,2.42198
2211,0.376317
2212,0.607049
2213,0.63791
2214,0.215695
2215,0.763438
2216,1.11076
2217,0.400334
2218,1.00843
2219,2.15624
2220,0.341267
2221,0.586938
2222,0.694137
2223,0.241515
2224,0.814937
2225,1.00085
2226,0.224359
2227,0.881077
2228,2.33914
2229,0.387987
2230,0.49992
2231,0.580177
2232,0.164686
2233,0.771978
2234,0.830146
2235,0.313707
2236,0.709823
2237,2.16545
2238,0.448862
2239,0.378553
2240,0.455985
2241,0.156483
2242,0.69515
2243,0.973929
2244,0.601641
2245,0.76864
2246,2.2992
2247,0.714054
2248,0.460791
2249,0.410548
2250,0.221121
2251,0.714039
2252,0.932991
2253,0.424589
2254,0.847124
2255,2.40895
2256,0.400146
2257,0.544345
2258,0.460368
2259,0.265209
2260,0.946508
2261,1.04817
2262,0.405139
2263,0.843895
2264,2.27901
2265,0.59761
2266,0.51069
2267,0.452403
2268,0.121803
2269,0.714939
2270,1.17797
2271,0.754236
2272,1.08895
2273,1.92727
2274,0.314748
2275,0.278048
2276,0.56534
2277,0.126936
2278,0.685908
2279,1.34487
2280,0.834356
2281,0.626671
2282,2.39704
2283,0.566038
2284,0.416186
2285,1.23606
2286,0.105054
2287,0.762879
2288,1.04926
2289,1.55521
2290,0.517181
2291,1.672
2292,0.777977
2293,0.193776
2294,1.17994
2295,0.0715052
2296,0.559796
2297,1.14476
2298,0.487755
2299,0.581487
2300,1.55165
2301,0.631313
2302,0.27329
2303,0.977011
2304,0.0975134
2305,0.4426
2306,1.08356
2307,0.806959
2308,0.928765
2309,1.5975
2310,0.428397
2311,0.233487
2312,0.522113
2313,0.0777605
2314,0.153257
2315,1.06085
2316,0.772366
2317,0.423941
2318,1.62776
2319,0.392413
2320,0.203843
2321,0.422627
2322,0.0814553
2323,0.356469
2324,1.13527
2325,0.616555
2326,0.443929
2327,1.64323
2328,1.56483
2329,0.759442
2330,0.661278
2331,0.0755382
2332,0.592577
2333,0.997821
2334,0.658179
2335,0.860234
2336,1.68723
2337,0.833333
2338,0.73883
2339,0.460072
2340,0.0385802
2341,0.494818
2342,0.915809
2343,0.569801
2344,0.218034
2345,1.85659
2346,1.3324
2347,0.768298
2348,0.369128
2349,0.0549602
2350,0.549562
2351,0.99343
2352,0.742009
2353,0.338564
2354,2.17371
2355,1.2037
2356,0.73105
2357,0.255021
2358,0.0822481
2359,0.390923
2360,0.40158
2361,0.872475
2362,0.751768
2363,1.86181
2364,0.657895
2365,0.643149
2366,0.542265
2367,0.118624
2368,0.544572
2369,0.98312
2370,0.835476
2371,0.98946
2372,1.91038
2373,0.569569
2374,0.757874
2375,0.168067
2376,0.236314
2377,0.363011
2378,0.947574
2379,0.792411
2380,0.460875
2381,2.25229
2382,1.55678
2383,0.647315
2384,0.190062
2385,0.12149
2386,0.352845
2387,1.29735
2388,0.687319
2389,0.452266
2390,2.35283
2391,1.16279
2392,0.940666
2393,0.53313
2394,0.120758
2395,0.373035
2396,1.06414
2397,0.638476
2398,1.0692
2399,2.471
2400,1.10236
2401,1.00546
2402,0.596718
2403,0.169851
2404,0.533708
2405,1.11932
2406,1.03227
2407,0.53285
2408,2.68944
2409,1.02471
2410,0.408913
2411,0.606061
2412,0.153157
2413,0.580288
2414,1.12099
2415,1.02865
2416,1.04848
2417,2.52041
2418,1.11977
2419,0.410593
2420,1.16279
2421,0.136629
2422,0.760167
2423,1.16182
2424,1.03037
2425,0.752643
2426,2.65855
2427,1.30536
2428,0.461224
2429,0.653951
2430,0.17269
2431,0.550206
2432,1.10118
2433,1.11044
2434,1.22254
2435,2.75178
2436,0.526946
2437,0.454452
2438,1.0512
2439,0.345416
2440,1.34741
2441,1.05697
2442,0.765741
2443,0.793529
2444,1.79123
2445,1.25063
2446,0.505038
2447,0.844925
2448,0.496102
2449,1.26723
2450,1.13077
2451,0.792642
2452,1.09255
2453,2.21057
2454,1.06751
2455,0.598496
2456,0.732807
2457,0.408068
2458,1.18957
2459,1.08663
2460,0.851736
2461,1.10292
2462,2.30197
2463,1.85896
2464,0.570141
2465,0.88932
2466,0.438419
2467,1.42486
2468,1.25657
2469,0.787466
2470,1.35161
2471,1.86538
2472,1.11575
2473,0.707462
2474,1.61103
2475,0.507844
2476,1.43341
2477,1.36368
2478,0.89715
2479,1.30959
2480,1.96146
2481,1.34183
2482,0.900388
2483,1.43483
2484,0.746998
2485,1.41309
2486,1.3947
2487,0.986201
2488,1.25605
2489,2.44408
2490,1.39007
2491,1.01647
2492,1.57198
2493,0.520799
2494,1.75768
2495,1.40172
2496,0.946932
2497,1.06685
2498,2.66534
2499,1.43192
2500,0.970251
2501,1.67064
2502,0.669125
2503,1.79894
2504,1.74327
2505,1.1481
2506,1.66245
2507,2.93272
2508,1.68013
2509,1.16378
2510,2.13948
2511,0.822551
2512,1.62028
2513,1.39745
2514,0.879798
2515,1.60571
2516,2.55728
2517,2.13121
2518,0.78123
2519,1.65762
2520,0.951109
2521,2.12047
2522,1.46997
2523,0.962663
2524,1.58804
2525,2.60455
2526,1.67583
2527,0.806051
2528,1.90787
2529,1.03153
2530,2.4397
2531,1.44986
2532,1.16547
2533,1.79064
2534,3.06061
2535,1.652
2536,0.952921
2537,2.09959
2538,1.95447
2539,3.82614
2540,1.87124
2541,1.76355
2542,2.04896
2543,3.59032
2544,2.6905
2545,1.33148
2546,2.75053
2547,2.83817
2548,3.66145
2549,2.52204
2550,1.70376
2551,2.49347
2552,3.81924
2553,2.17363
2554,1.63247
2555,4.01457
2556,2.5672
2557,3.28184
2558,2.3337
2559,2.0575
2560,1.84398
2561,2.77448
2562,2.213
2563,1.40712
2564,2.89366
2565,2.24696
2566,3.24701
2567,2.38278
2568,2.46333
2569,1.60294
2570,2.56709
2571,2.43749
2572,1.55235
2573,3.76853
2574,2.35808
2575,3.09458
2576,2.95738
2577,3.28972
2578,1.90574
2579,3.24948
2580,3.15582
2581,1.58805
2582,3.95635
2583,2.25017
2584,3.37268
2585,3.6742
2586,3.78487
2587,2.78342
2588,4.00802
2589,4.41093
2590,1.82199
2591,4.25283
2592,2.25234
2593,3.66709
2594,4.98172
2595,4.81508
2596,3.73629
2597,5.96643
2598,8.44138
2599,2.10267
2600,4.65171
2601,2.4573
2602,4.03497
2603,5.70977
2604,5.3337
2605,4.47125
2606,7.2036
2607,8.26281
2608,2.47724
2609,4.94594
2610,1.93512
2611,3.94809
2612,5.89224
2613,4.69559
2614,5.03099
2615,7.94328
2616,8.28841
2617,2.71787
2618,5.06915
2619,1.6288
2620,3.7726
2621,5.22879
2622,3.5472
2623,3.91405
2624,7.9751
2625,6.71732
2626,2.51707
2627,4.63032
2628,1.37366
2629,3.09435
2630,4.3413
2631,2.94388
2632,3.31959
2633,7.40903
2634,4.59133
2635,2.04711
2636,3.54617
2637,1.19478
2638,2.99209
2639,3.6451
2640,2.28435
2641,3.37202
2642,6.84683
2643,4.15404
2644,1.90751
2645,3.34675
2646,1.10797
2647,2.57941
2648,3.14044
2649,2.2151
2650,3.08471
2651,4.91106
2652,3.29577
2653,1.67541
2654,2.78796
2655,0.833637
2656,2.55431
2657,2.58624
2658,1.97683
2659,2.53028
2660,4.91462
2661,2.24222
2662,1.60335
2663,2.90422
2664,0.883913
2665,1.86594
2666,2.21536
2667,1.54209
2668,1.96104
2669,3.52681
2670,2.01478
2671,1.22965
2672,2.72532
2673,0.707267
2674,1.3278
2675,1.50025
2676,1.27592
2677,1.48688
2678,2.91531
2679,1.6557
2680,1.17863
2681,2.43187
2682,0.522398
2683,1.18606
2684,1.39864
2685,1.06862
2686,1.45527
2687,2.89347
2688,1.60033
2689,1.03573
2690,2.87972
2691,0.486151
2692,1.10962
2693,1.29147
2694,0.952119
2695,1.53963
2696,2.64419
2697,1.85906
2698,0.837196
2699,1.50912
2700,0.470454
2701,1.01116
2702,1.02943
2703,0.874134
2704,1.29036
2705,3.08816
2706,1.64603
2707,0.857326
2708,1.99519
2709,0.442682
2710,0.962239
2711,0.971932
2712,0.908494
2713,1.24952
2714,3.02363
2715,1.32243
2716,0.60575
2717,1.99928
2718,0.188233
2719,1.03425
2720,1.05919
2721,0.861345
2722,1.34998
2723,3.01209
2724,1.64302
2725,0.741548
2726,2.06123
2727,0.193844
2728,0.863344
2729,0.950745
2730,1.01113
2731,1.17887
2732,3.03154
2733,1.29793
2734,0.553422
2735,2.42629
2736,0.265867
2737,0.501389
2738,1.05146
2739,0.951707
2740,1.19807
2741,2.86709
2742,1.69071
2743,0.530956
2744,2.21522
2745,0.164662
2746,0.698971
2747,1.33723
2748,1.36246
2749,1.26531
2750,3.7724
2751,1.89873
2752,0.769093
2753,1.91427
2754,0.232697
2755,0.789572
2756,0.763672
2757,1.29038
2758,1.32984
2759,2.78491
2760,1.65714
2761,0.577904
2762,1.97777
2763,0.180465
2764,0.563112
2765,1.03786
2766,1.11619
2767,1.2186
2768,2.69871
2769,1.4053
2770,0.550598
2771,2.11901
2772,0.190476
2773,0.574097
2774,1.10532
2775,0.820846
2776,1.0577
2777,2.89757
2778,1.23305
2779,0.567067
2780,1.60961
2781,0.181488
2782,0.533519
2783,1.01253
2784,0.242601
2785,1.15756
2786,2.61551
2787,1.17608
2788,0.395306
2789,1.62132
2790,0.177425
2791,0.264857
2792,1.15577
2793,0.252799
2794,1.03185
2795,2.95295
2796,0.969382
2797,0.41058
2798,1.36789
2799,0.243531
2800,0.456108
2801,0.892662
2802,0.292668
2803,0.972153
2804,2.28943
2805,1.14776
2806,0.326229
2807,1.15869
2808,0.18353
2809,0.45208
2810,0.998035
2811,0.434783
2812,0.824993
2813,2.41304
2814,0.996713
2815,0.212334
2816,1.51837
2817,0.166971
2818,0.402609
2819,0.928805
2820,0.228798
2821,0.663068
2822,2.81324
2823,1.13662
2824,0.145519
2825,1.4175
2826,0.138262
2827,0.472832
2828,0.843588
2829,0.50717
2830,1.02227
2831,2.56317
2832,0.97046
2833,0.131391
2834,1.47376
2835,0.163482
2836,0.414906
2837,0.941515
2838,0.235849
2839,1.00777
2840,2.74684
2841,0.847458
2842,0.183579
2843,0.82088
2844,0.222995
2845,0.329514
2846,0.895146
2847,0.192524
2848,0.557582
2849,2.53797
2850,0.733698
2851,0.159037
2852,1.41088
2853,0.193798
2854,0.097737
2855,0.844297
2856,0.308104
2857,0.873716
2858,1.84544
2859,1.47118
2860,0.213983
2861,1.04353
2862,0.120254
2863,0.336435
2864,0.8319
2865,0.321146
2866,0.887643
2867,2.04446
2868,2.64256
2869,0.212395
2870,1.17535
2871,0.21342
2872,0.562339
2873,0.996255
2874,0.23621
2875,1.105
2876,2.23105
2877,1.73433
2878,0.25635
2879,1.68793
2880,0.171976
2881,0.435997
2882,0.883941
2883,0.144875
2884,1.26049
2885,1.50651
2886,2.05571
2887,0.179637
2888,1.17962
2889,0.227877
2890,0.65798
2891,0.901377
2892,0.469543
2893,1.21575
2894,1.68952
2895,2.09875
2896,0.255517
2897,1.44544
2898,0.280202
2899,0.671409
2900,0.766651
2901,0.301541
2902,1.28754
2903,2.34537
2904,1.72153
2905,0.304111
2906,1.34748
2907,0.651428
2908,1.40845
2909,0.904347
2910,0.965292
2911,0.914243
2912,1.54542
2913,0.874456
2914,1.16766
2915,1.73157
2916,0.599792
2917,1.44012
2918,1.13697
2919,0.746588
2920,1.00397
2921,2.06689
2922,1.10523
2923,0.691525
2924,1.51071
2925,0.731732
2926,1.20319
2927,1.25834
2928,0.721971
2929,0.886171
2930,2.54158
2931,1.17663
2932,0.862237
2933,1.54978
2934,0.716469
2935,1.29438
2936,1.22298
2937,0.933628
2938,0.88809
2939,2.42849
2940,1.24819
2941,0.82498
2942,1.48971
2943,0.681431
2944,1.65119
2945,1.37326
2946,0.872926
2947,0.866055
2948,2.8633
2949,1.42986
2950,0.916858
2951,2.23415
2952,0.91269
2953,1.6281
2954,1.29227
2955,0.770102
2956,1.04179
2957,2.69901
2958,1.81026
2959,1.26126
2960,1.65169
2961,0.886831
2962,1.47398
2963,1.33378
2964,0.857871
2965,1.0301
2966,2.74849
2967,2.01036
2968,1.16641
2969,2.44572
2970,1.06912
2971,1.74884
2972,1.73657
2973,1.09537
2974,1.15944
2975,3.58554
2976,2.09297
2977,1.01208
2978,3.07776
2979,0.835396
2980,1.9957
2981,1.5335
2982,1.06646
2983,0.949229
2984,2.98138
2985,2.03811
2986,1.14265
2987,2.71406
2988,0.951865
2989,1.82872
2990,1.37139
2991,0.942324
2992,1.15228
2993,4.0825
2994,2.3331
2995,1.37561
2996,3.58787
2997,0.938489
2998,1.92185
2999,1.49251
3000,0.892288
3001,1.28667
3002,3.34534
3003,3.35268
3004,2.0759
3005,5.08604
3006,0.878795
3007,2.22192
3008,1.81226
3009,1.35656
3010,1.39743
3011,3.97535
3012,5.26154
3013,2.81339
3014,7.23072
3015,1.35485
3016,2.98104
3017,2.51283
3018,1.5456
3019,1.68364
3020,6.19815
3021,6.18934
3022,3.3358
3023,5.13288
3024,0.988379
3025,2.38754
3026,2.42851
3027,1.40488
3028,1.75369
3029,4.11401
3030,5.1158
3031,2.42594
3032,3.20183
3033,0.976766
3034,2.28118
3035,2.08978
3036,1.32078
3037,1.39838
3038,4.1305
3039,4.51036
3040,1.59403
3041,1.98934
3042,0.951317
3043,2.50024
3044,2.07062
3045,1.52708
3046,1.51689
3047,3.69181
3048,5.80275
3049,1.49556
3050,2.01926
3051,1.15203
3052,2.40335
3053,2.24642
3054,1.90454
3055,1.83303
3056,4.0485
3057,5.01862
3058,1.39114
3059,2.4555
3060,1.35831
3061,2.33339
3062,2.42908
3063,2.00078
3064,2.22143
3065,3.80952
3066,4.90126
3067,1.54747
3068,2.29993
3069,1.56083
3070,2.67196
3071,2.83991
3072,2.08652
3073,2.64673
3074,4.71637
3075,4.3308
3076,1.35318
3077,1.82042
3078,1.81842
3079,2.59841
3080,3.06592
3081,2.15798
3082,3.41474
3083,4.45035
3084,5.5621
3085,1.38259
3086,2.31179
3087,1.91809
3088,2.62346
3089,3.42193
3090,2.46852
3091,3.61886
3092,4.68785
3093,5.47727
3094,1.66024
3095,1.78291
3096,2.01353
3097,2.44583
3098,3.3399
3099,2.38539
3100,3.06913
3101,5.53334
3102,5.73742
3103,1.62111
3104,1.49342
3105,2.0436
3106,3.03802
3107,3.43788
3108,2.67078
3109,2.57901
3110,4.87668
3111,4.69089
3112,1.57143
3113,2.32217
3114,1.88714
3115,2.66718
3116,2.85987
3117,2.57888
3118,2.57383
3119,3.69683
3120,3.50823
3121,1.48508
3122,2.51184
3123,1.73123
3124,2.62273
3125,2.42345
3126,2.92102
3127,1.68781
3128,3.20874
3129,3.52893
3130,1.34152
3131,2.95442
3132,1.55885
3133,2.16009
3134,2.33527
3135,2.45177
3136,1.96653
3137,2.27584
3138,3.37206
3139,1.15137
3140,2.59693
3141,1.48727
3142,1.20649
3143,1.79166
3144,1.28175
3145,1.37168
3146,3.32177
3147,3.87544
3148,1.01005
3149,2.38687
3150,1.49846
3151,1.56285
3152,1.3721
3153,1.00185
3154,0.941872
3155,2.28081
3156,2.78811
3157,0.940048
3158,1.79173
3159,1.16165
3160,1.27521
3161,1.25627
3162,0.578753
3163,0.84242
3164,3.03086
3165,2.75348
3166,0.684563
3167,1.33668
3168,0.817029
3169,1.03158
3170,1.06395
3171,0.578699
3172,0.743841
3173,3.32395
3174,2.3157
3175,0.712117
3176,1.24741
3177,0.735645
3178,0.823155
3179,1.02505
3180,0.56544
3181,0.812081
3182,3.30464
3183,1.78731
3184,0.637975
3185,1.19028
3186,0.600387
3187,0.876478
3188,0.991071
3189,0.58357
3190,0.873134
3191,3.14894
3192,2.05979
3193,0.550977
3194,0.948978
3195,0.257084
3196,0.818509
3197,1.04107
3198,0.510361
3199,0.744566
3200,4.35395
3201,2.33301
3202,0.52923
3203,0.9517
3204,0.255314
3205,0.82851
3206,0.977738
3207,0.457389
3208,0.746285
3209,3.87751
3210,1.7199
3211,0.49338
3212,0.932771
3213,0.283513
3214,0.803112
3215,0.821258
3216,0.734523
3217,0.906264
3218,3.36297
3219,2.6486
3220,0.356868
3221,0.556881
3222,0.186431
3223,0.413201
3224,0.877461
3225,0.596582
3226,0.747431
3227,2.9854
3228,2.22078
3229,0.994278
3230,1.04537
3231,0.230334
3232,0.545475
3233,0.891494
3234,0.543652
3235,0.733102
3236,2.52158
3237,1.52492
3238,0.685793
3239,0.94193
3240,0.184961
3241,0.497047
3242,0.767025
3243,0.676635
3244,0.663387
3245,2.36815
3246,1.47218
3247,0.558809
3248,0.815933
3249,0.220516
3250,0.28473
3251,0.810882
3252,0.662313
3253,0.614041
3254,2.65315
3255,1.55541
3256,0.635139
3257,1.10694
3258,0.265076
3259,0.513711
3260,0.80695
3261,0.755836
3262,0.670042
3263,2.36708
3264,1.76127
3265,0.623585
3266,1.12311
3267,0.191416
3268,0.429799
3269,0.787458
3270,0.552334
3271,0.734363
3272,2.3979
3273,1.45674
3274,1.15033
3275,1.08278
3276,0.155885
3277,0.19747
3278,0.745019
3279,0.586302
3280,0.640665
3281,2.54658
3282,1.25126
3283,1.39028
3284,0.771183
3285,0.167237
3286,0.20235
3287,0.622351
3288,0.579529
3289,0.553807
3290,2.83354
3291,1.29648
3292,1.18586
3293,0.768632
3294,0.138594
3295,0.248242
3296,0.827596
3297,0.512586
3298,0.525665
3299,2.48222
3300,1.39612
3301,1.41777
3302,0.638093
3303,0.20189
3304,0.27042
3305,0.579938
3306,0.664481
3307,0.378162
3308,1.79633
3309,1.58089
3310,1.29766
3311,0.807918
3312,0.119512
3313,0.179235
3314,0.791444
3315,0.641145
3316,0.503918
3317,1.49254
3318,1.82131
3319,1.48733
3320,0.496614
3321,0.151117
3322,0.182661
3323,0.806535
3324,0.611749
3325,0.42012
3326,2.28013
3327,1.56908
3328,0.911926
3329,0.570613
3330,0.241369
3331,0.193205
3332,0.829644
3333,0.710419
3334,0.455513
3335,2.36177
3336,2.14828
3337,0.820335
3338,0.366783
3339,0.150094
3340,0.18679
3341,1.06806
3342,0.869853
3343,0.767611
3344,2.63875
3345,2.20308
3346,1.18621
3347,0.883479
3348,0.220851
3349,0.261866
3350,0.937912
3351,0.65199
3352,0.554393
3353,2.62078
3354,1.73462
3355,1.13334
3356,1.07396
3357,0.121022
3358,0.280969
3359,0.998483
3360,0.664617
3361,0.605455
3362,2.72858
3363,1.9499
3364,1.34623
3365,1.15969
3366,0.246011
3367,0.287718
3368,0.867328
3369,0.953958
3370,0.486558
3371,2.3685
3372,2.16224
3373,1.01945
3374,1.28615
3375,0.507362
3376,1.23618
3377,1.39138
3378,0.59687
3379,0.757447
3380,1.88201
3381,1.38165
3382,1.6045
3383,1.40427
3384,0.464246
3385,1.10043
3386,1.38268
3387,0.60241
3388,0.82438
3389,1.76733
3390,1.75376
3391,0.714359
3392,1.45871
3393,0.591471
3394,1.41944
3395,1.41126
3396,0.680168
3397,0.850064
3398,1.74577
3399,2.18474
3400,0.631022
3401,1.42303
3402,0.632198
3403,1.18207
3404,1.4206
3405,0.696844
3406,0.930839
3407,1.76055
3408,2.22887
3409,0.647615
3410,1.26816
3411,0.724593
3412,1.2117
3413,1.36341
3414,0.712843
3415,1.02067
3416,1.91255
3417,2.61048
3418,0.731366
3419,1.50639
3420,0.589555
3421,1.13377
3422,1.47855
3423,0.800668
3424,1.10269
3425,2.30251
3426,3.29172
3427,0.883553
3428,1.4767
3429,0.719849
3430,1.3875
3431,1.70212
3432,0.85196
3433,1.14195
3434,2.97129
3435,3.69848
3436,0.719441
3437,1.30822
3438,1.01902
3439,2.12871
3440,1.68913
3441,0.944724
3442,1.40686
3443,3.60777
3444,4.1214
3445,1.12693
3446,1.58252
3447,0.697081
3448,1.87429
3449,1.68607
3450,1.15695
3451,1.54091
3452,2.95415
3453,3.68244
3454,0.928719
3455,1.37391
3456,0.88959
3457,1.90081
3458,1.83237
3459,1.17413
3460,1.67121
3461,3.94054
3462,3.75019
3463,1.00246
3464,1.61296
3465,1.04705
3466,2.15644
3467,2.06429
3468,1.316
3469,2.53466
3470,5.75854
3471,5.16254
3472,1.13222
3473,1.66479
3474,1.02913
3475,2.81071
3476,2.58862
3477,1.92174
3478,3.056
3479,5.50758
3480,5.29223
3481,1.40042
3482,2.42133
3483,1.65556
3484,3.00935
3485,3.61871
3486,1.73832
3487,2.80553
3488,5.77196
3489,6.58325
3490,2.12904
3491,2.24483
3492,1.45004
3493,2.39827
3494,2.71789
3495,2.05857
3496,1.83373
3497,3.0803
3498,4.30787
3499,1.29081
3500,2.59715
3501,1.09072
3502,1.72541
3503,2.16757
3504,1.57429
3505,1.53501
3506,2.7261
3507,3.83771
3508,0.977237
3509,2.75996
3510,1.43896
3511,1.82606
3512,2.28652
3513,1.6994
3514,1.53714
3515,2.78031
3516,4.78909
3517,1.22196
3518,2.84604
3519,1.00954
3520,2.38154
3521,2.70969
3522,2.03733
3523,1.71629
3524,3.70711
3525,5.9399
3526,1.37486
3527,3.45788
3528,1.32478
3529,2.19136
3530,3.3803
3531,2.97992
3532,1.95052
3533,3.40945
3534,5.96601
3535,1.94446
3536,3.916
3537,1.66496
3538,2.25199
3539,3.49796
3540,2.72609
3541,2.59767
3542,4.19727
3543,7.34128
3544,1.86389
3545,4.34483
3546,1.83446
3547,2.41252
3548,3.65119
3549,2.98861
3550,2.79777
3551,4.08145
3552,7.85736
3553,2.03579
3554,3.86104
3555,1.82746
3556,2.24583
3557,3.41228
3558,2.87136
3559,2.86309
3560,4.26745
3561,7.66864
3562,1.90982
3563,3.17506
3564,1.82341
3565,1.83905
3566,3.08618
3567,2.17088
3568,2.46165
3569,3.36192
3570,6.57542
3571,1.70726
3572,2.93621
3573,1.64847
3574,1.93562
3575,3.09645
3576,1.59569
3577,2.51104
3578,2.65402
3579,5.42082
3580,1.61644
3581,2.79799
3582,1.71534
3583,2.32644
3584,3.1779
3585,1.68
3586,2.18854
3587,2.39074
3588,4.79665
3589,1.76814
3590,2.28701
3591,1.42144
3592,1.84235
3593,3.11181
3594,1.24226
3595,1.62919
3596,2.24944
3597,3.16453
3598,1.38887
3599,1.97605
3600,1.34369
3601,1.80047
3602,1.95776
3603,1.01463
3604,1.4147
3605,1.39171
3606,3.01545
3607,1.11759
3608,1.91627
3609,1.26369
3610,1.66866
3611,1.51682
3612,0.83499
3613,0.981458
3614,1.74423
3615,2.99848
3616,0.970074
3617,1.08089
3618,1.15678
3619,1.29815
3620,1.42728
3621,0.893488
3622,1.11108
3623,1.54514
3624,3.39521
3625,0.74276
3626,1.69307
3627,1.01254
3628,0.890019
3629,1.31666
3630,0.860622
3631,0.891416
3632,1.92365
3633,2.48525
3634,0.747342
3635,1.2199
3636,0.767296
3637,0.852858
3638,1.29903
3639,0.650084
3640,0.74904
3641,1.65335
3642,2.57368
3643,0.629221
3644,1.17384
3645,0.60301
3646,0.7307
3647,1.15891
3648,0.605974
3649,0.69957
3650,1.70193
3651,2.21578
3652,0.549107
3653,1.21228
3654,0.49878
3655,0.745736
3656,1.04186
3657,0.846915
3658,0.747518
3659,1.4017
3660,2.27643
3661,0.53101
3662,1.2168
3663,0.20783
3664,0.822102
3665,1.04842
3666,0.688413
3667,0.631195
3668,1.14715
3669,2.1745
3670,0.40628
3671,1.12875
3672,0.200097
3673,1.03739
3674,1.07032
3675,0.457547
3676,0.583353
3677,1.27901
3678,2.03182
3679,0.457401
3680,1.03076
3681,0.31129
3682,0.955521
3683,1.03199
3684,0.7155
3685,0.677215
3686,1.35924
3687,2.06104
3688,0.477528
3689,1.14298
3690,0.191806
3691,0.718196
3692,0.81393
3693,0.595504
3694,0.506742
3695,1.07088
3696,1.72587
3697,0.417163
3698,0.992538
3699,0.287545
3700,0.709812
3701,0.757161
3702,0.54389
3703,0.519812
3704,0.96785
3705,1.69807
3706,0.415504
3707,1.05541
3708,0.334121
3709,0.696056
3710,0.760804
3711,0.561882
3712,0.497258
3713,0.518006
3714,1.52061
3715,0.410875
3716,0.982251
3717,0.334528
3718,0.45584
3719,0.71462
3720,0.605923
3721,0.476563
3722,0.620476
3723,1.88842
3724,0.366952
3725,0.974421
3726,0.313449
3727,0.56926
3728,0.703081
3729,0.52879
3730,0.46577
3731,1.17431
3732,1.35792
3733,0.444032
3734,0.535069
3735,0.315216
3736,0.36068
3737,0.474576
3738,0.675118
3739,0.463461
3740,1.05855
3741,1.03138
3742,0.403576
3743,0.299245
3744,0.262578
3745,0.389297
3746,0.652212
3747,0.669042
3748,0.385292
3749,0.641026
3750,1.53956
3751,0.314187
3752,0.554822
3753,0.176974
3754,0.473195
3755,0.667881
3756,0.57009
3757,0.469684
3758,0.888966
3759,1.66315
3760,0.386913
3761,0.482662
3762,0.182966
3763,0.360235
3764,0.449761
3765,0.573737
3766,0.351466
3767,0.836907
3768,1.47781
3769,0.359109
3770,0.414347
3771,0.188121
3772,0.319714
3773,0.702653
3774,0.704174
3775,0.318843
3776,1.05624
3777,1.44062
3778,0.3617
3779,0.580295
3780,0.227511
3781,0.415747
3782,0.668896
3783,0.669991
3784,0.45919
3785,1.02081
3786,1.46907
3787,0.274905
3788,0.711453
3789,0.252587
3790,0.464126
3791,0.715857
3792,0.528609
3793,0.332487
3794,1.12971
3795,1.70304
3796,0.341129
3797,1.32936
3798,0.243309
3799,0.339814
3800,0.768635
3801,0.729348
3802,0.489804
3803,1.0075
3804,1.63948
3805,0.434196
3806,1.03774
3807,0.224458
3808,0.320979
3809,1.08685
3810,0.729877
3811,0.712022
3812,1.42725
3813,1.41452
3814,0.564447
3815,1.28532
3816,0.222898
3817,0.362478
3818,0.970548
3819,0.718563
3820,0.613292
3821,0.716284
3822,2.06177
3823,0.486996
3824,1.28281
3825,0.298321
3826,0.357995
3827,1.12196
3828,0.734834
3829,0.647904
3830,0.552453
3831,2.62713
3832,0.494149
3833,1.24641
3834,0.39764
3835,0.537521
3836,1.0753
3837,0.706147
3838,0.634501
3839,0.286879
3840,2.25846
3841,0.550888
3842,1.57665
3843,0.647286
3844,1.08594
3845,1.17279
3846,0.6638
3847,0.764435
3848,2.37172
3849,2.4072
3850,0.631647
3851,0.890748
3852,0.738339
3853,1.15903
3854,1.22441
3855,0.55357
3856,0.79921
3857,2.88231
3858,3.07201
3859,0.942127
3860,1.22457
3861,0.66041
3862,1.32846
3863,1.1362
3864,0.782684
3865,0.810231
3866,2.5594
3867,3.18255
3868,0.868743
3869,1.42248
3870,0.837538
3871,1.35938
3872,1.37572
3873,0.849732
3874,0.975749
3875,2.38726
3876,3.42259
3877,0.923884
3878,1.29126
3879,0.852098
3880,1.52005
3881,1.30288
3882,0.930586
3883,1.06244
3884,2.60238
3885,3.77299
3886,0.927905
3887,1.39164
3888,0.806479
3889,1.70417
3890,1.40367
3891,0.851648
3892,1.16444
3893,2.67775
3894,4.00722
3895,0.952985
3896,1.46049
3897,0.741503
3898,1.71929
3899,1.56284
3900,1.01825
3901,1.34938
3902,3.62194
3903,3.79152
3904,0.983293
3905,1.26842
3906,1.12378
3907,1.92928
3908,1.71019
3909,0.965875
3910,1.57177
3911,4.45586
3912,4.43859
3913,1.23249
3914,1.73931
3915,0.902715
3916,1.88977
3917,1.43719
3918,0.912499
3919,1.26195
3920,3.24657
3921,4.11779
3922,0.972547
3923,1.3467
3924,1.00855
3925,1.89836
3926,1.54825
3927,0.912512
3928,1.23816
3929,3.87125
3930,3.32243
3931,0.956055
3932,1.56135
3933,0.864924
3934,2.03671
3935,1.59483
3936,1.33593
3937,1.31315
3938,3.17149
3939,2.95273
3940,1.20861
3941,1.79688
3942,0.885314
3943,2.08139
3944,2.07444
3945,1.1873
3946,1.75743
3947,3.27995
3948,3.09509
3949,1.32449
3950,2.32727
3951,1.33209
3952,2.45278
3953,2.65218
3954,1.99035
3955,2.00041
3956,4.7019
3957,3.916
3958,1.90933
3959,3.24218
3960,1.33581
3961,2.30584
3962,2.67402
3963,1.49905
3964,1.62544
3965,4.80589
3966,4.22806
3967,1.55357
3968,3.05262
3969,1.12636
3970,2.05825
3971,2.31748
3972,1.22236
3973,1.41136
3974,2.90746
3975,5.33068
3976,1.61243
3977,2.96618
3978,0.987526
3979,2.19458
3980,2.82112
3981,1.84095
3982,1.86403
3983,3.27069
3984,5.12029
3985,1.64474
3986,3.46639
3987,1.21764
3988,2.73176
3989,3.97318
3990,2.39854
3991,2.36086
3992,5.65573
3993,7.94692
3994,2.60498
3995,4.76747
3996,1.85205
3997,3.41246
3998,5.0653
3999,3.66351
4000,3.62426
4001,7.73414
4002,10.6338
4003,2.93246
4004,4.91545
4005,3.05521
4006,3.96387
4007,6.00959
4008,4.39822
4009,4.8092
4010,11.3642
4011,10.3672
4012,3.26774
4013,5.62424
4014,3.67078
4015,4.14221
4016,6.31425
4017,5.16489
4018,4.88594
4019,9.1055
4020,9.90789
4021,3.71574
4022,6.26586
4023,3.7696
4024,4.06802
4025,6.31727
4026,5.41964
4027,5.1662
4028,8.48057
4029,8.3145
4030,3.88971
4031,4.61575
4032,3.34151
4033,3.41463
4034,5.41037
4035,5.39819
4036,4.05785
4037,6.56919
4038,6.77386
4039,2.75835
4040,3.36319
4041,3.08188
4042,3.13101
4043,4.87095
4044,4.50953
4045,3.04143
4046,5.7911
4047,6.43463
4048,2.26493
4049,2.87493
4050,2.45635
4051,3.02734
4052,4.35076
4053,3.29373
4054,2.33546
4055,4.28692
4056,5.11706
4057,2.05367
4058,2.61022
4059,2.18623
4060,2.6349
4061,3.76206
4062,2.38632
4063,1.7629
4064,4.26721
4065,4.8268
4066,1.65904
4067,1.92736
4068,1.56666
4069,2.09866
4070,2.88017
4071,2.01892
4072,1.35316
4073,3.43245
4074,3.36615
4075,1.55601
4076,1.62501
4077,1.32299
4078,1.87505
4079,2.21088
4080,1.48837
4081,1.12038
4082,3.32778
4083,3.54356
4084,1.10413
4085,1.28577
4086,1.03621
4087,1.57865
4088,1.73923
4089,1.02258
4090,0.996366
4091,2.50956
4092,2.52791
4093,0.925661
4094,0.773267
4095,0.822921
4096,1.37357
4097,1.45469
4098,1.25032
4099,0.8354
4100,2.46936
4101,2.45255
4102,0.769345
4103,0.946687
4104,0.705128
4105,1.14498
4106,1.25946
4107,0.953909
4108,0.734931
4109,2.37744
4110,1.56244
4111,0.710608
4112,1.09513
4113,0.559234
4114,1.01638
4115,1.14228
4116,0.923826
4117,0.684576
4118,2.18834
4119,1.33799
4120,0.744625
4121,0.872011
4122,0.346287
4123,1.04231
4124,0.953472
4125,0.829295
4126,0.647399
4127,2.11462
4128,1.67979
4129,0.555289
4130,0.70646
4131,0.260063
4132,1.08599
4133,0.979545
4134,0.622162
4135,0.695456
4136,2.21283
4137,1.38117
4138,0.742258
4139,0.770265
4140,0.19581
4141,1.15236
4142,0.995336
4143,0.846595
4144,0.67949
4145,2.95488
4146,1.44962
4147,0.528039
4148,0.796408
4149,0.200669
4150,1.29017
4151,1.36343
4152,0.926312
4153,0.803249
4154,2.56823
4155,2.07102
4156,0.390239
4157,0.760823
4158,0.286092
4159,1.13953
4160,0.989166
4161,0.83348
4162,0.592397
4163,1.68467
4164,1.29202
4165,0.439275
4166,0.64109
4167,0.197149
4168,1.03913
4169,0.775638
4170,0.737636
4171,0.62915
4172,1.43673
4173,1.80911
4174,0.485039
4175,1.06238
4176,0.207341
4177,1.0651
4178,0.889542
4179,0.777421
4180,0.561123
4181,1.76758
4182,1.54308
4183,0.500347
4184,1.04324
4185,0.190946
4186,0.98677
4187,0.740164
4188,0.802186
4189,0.570649
4190,1.78905
4191,1.41757
4192,0.525123
4193,0.48109
4194,0.225449
4195,0.980308
4196,0.74807
4197,0.89937
4198,0.61579
4199,1.8376
4200,1.41663
4201,0.322684
4202,0.578541
4203,0.219331
4204,0.859321
4205,0.649239
4206,0.722789
4207,0.539505
4208,1.69004
4209,1.46712
4210,0.47354
4211,0.945559
4212,0.239493
4213,0.847694
4214,0.739814
4215,0.697697
4216,0.459884
4217,1.3755
4218,1.83055
4219,0.482716
4220,0.550226
4221,0.236065
4222,0.740557
4223,0.575446
4224,0.701107
4225,0.443922
4226,1.6127
4227,1.50571
4228,0.528309
4229,0.717669
4230,0.194856
4231,0.748494
4232,0.721319
4233,0.915105
4234,0.485615
4235,1.59523
4236,1.54008
4237,0.446168
4238,0.981003
4239,0.146224
4240,0.806775
4241,0.849335
4242,0.80403
4243,0.429032
4244,1.50396
4245,1.83237
4246,0.448118
4247,0.422259
4248,0.161359
4249,0.739082
4250,0.660131
4251,0.838498
4252,0.551729
4253,1.91995
4254,1.78492
4255,0.553578
4256,0.436681
4257,0.236721
4258,0.688229
4259,0.704977
4260,0.81651
4261,0.501538
4262,1.80594
4263,1.44485
4264,0.542503
4265,0.552131
4266,0.25825
4267,0.798826
4268,0.785257
4269,0.793445
4270,0.475489
4271,2.71542
4272,0.824939
4273,0.526236
4274,0.303509
4275,0.254935
4276,0.827363
4277,0.733553
4278,1.01435
4279,0.576808
4280,2.16087
4281,1.74429
4282,0.572846
4283,0.519163
4284,0.258605
4285,0.76005
4286,0.73107
4287,1.31236
4288,0.51694
4289,1.97684
4290,2.6291
4291,0.496311
4292,0.520772
4293,0.266667
4294,1.06972
4295,0.748849
4296,1.003
4297,0.787402
4298,3.04146
4299,2.93579
4300,0.625537
4301,0.823575
4302,0.305188
4303,1.14697
4304,0.797386
4305,1.1237
4306,0.875503
4307,2.54163
4308,1.60348
4309,0.519558
4310,1.22706
4311,0.455814
4312,1.10029
4313,0.804706
4314,0.536629
4315,0.920507
4316,1.966
4317,2.03389
4318,0.651981
4319,1.23744
4320,0.534609
4321,1.22232
4322,0.819857
4323,0.453306
4324,0.961741
4325,2.20756
4326,1.72668
4327,0.673579
4328,1.29307
4329,0.401146
4330,1.16085
4331,0.82592
4332,0.634467
4333,0.935589
4334,1.98884
4335,1.44881
4336,0.810758
4337,1.43739
4338,0.511424
4339,1.18616
4340,0.92253
4341,0.576134
4342,1.07703
4343,2.30826
4344,1.77888
4345,0.704851
4346,1.33174
4347,0.606239
4348,1.26536
4349,0.817673
4350,0.517045
4351,1.2587
4352,2.32787
4353,2.26309
4354,0.711894
4355,0.986251
4356,0.742927
4357,1.43237
4358,0.953584
4359,0.489675
4360,1.16754
4361,2.7947
4362,1.69119
4363,0.776416
4364,1.10803
4365,0.714689
4366,1.47118
4367,1.0303
4368,0.492362
4369,1.36683
4370,2.836
4371,1.52207
4372,0.849904
4373,0.993763
4374,0.702459
4375,1.48513
4376,1.01713
4377,0.632755
4378,1.28599
4379,2.91073
4380,1.91517
4381,0.761415
4382,1.10338
4383,0.746879
4384,1.82342
4385,1.34134
4386,0.688022
4387,1.78759
4388,2.79821
4389,2.27994
4390,1.04212
4391,1.07303
4392,0.834958
4393,1.8568
4394,1.16779
4395,0.472654
4396,1.50564
4397,3.46532
4398,1.86807
4399,0.860417
4400,1.18055
4401,0.820525
4402,1.84825
4403,1.23345
4404,0.491008
4405,1.62409
4406,3.37307
4407,1.88076
4408,0.840391
4409,1.14041
4410,0.78437
4411,2.13639
4412,1.35095
4413,0.731532
4414,1.65034
4415,2.44931
4416,2.76616
4417,0.948951
4418,1.50731
4419,1.02155
4420,2.33714
4421,1.70549
4422,0.823147
4423,2.40877
4424,4.64413
4425,3.65591
4426,1.28181
4427,1.7526
4428,0.896861
4429,2.37122
4430,1.69887
4431,0.631518
4432,2.0921
4433,3.24986
4434,3.13435
4435,1.34713
4436,2.8611
4437,0.730643
4438,2.01011
4439,1.23763
4440,0.521191
4441,1.498
4442,2.6814
4443,2.71467
4444,0.975721
4445,2.09157
4446,0.879438
4447,2.05233
4448,1.29185
4449,0.565154
4450,1.52172
4451,2.81846
4452,3.28543
4453,1.16272
4454,2.01491
4455,1.1335
4456,2.30192
4457,1.53273
4458,0.748836
4459,1.78223
4460,3.62599
4461,3.93648
4462,1.24543
4463,2.36109
4464,1.43192
4465,2.7006
4466,1.88401
4467,0.956439
4468,2.24321
4469,3.84832
4470,5.53694
4471,1.34295
4472,2.54486
4473,2.86898
4474,2.77127
4475,2.2727
4476,1.24434
4477,2.95203
4478,4.89932
4479,6.36249
4480,1.62182
4481,2.75882
4482,3.4081
4483,3.4093
4484,2.4923
4485,1.3883
4486,3.7718
4487,4.74018
4488,7.05801
4489,1.72803
4490,3.19712
4491,2.99946
4492,3.51404
4493,2.77244
4494,1.37435
4495,3.52871
4496,3.81894
4497,5.57286
4498,1.94219
4499,3.25045
4500,2.60578
4501,3.13718
4502,2.59441
4503,2.03747
4504,3.73622
4505,3.68417
4506,4.41159
4507,1.92642
4508,3.28088
4509,1.64566
4510,2.85615
4511,3.00943
4512,2.13283
4513,3.33552
4514,4.71388
4515,4.24832
4516,1.81872
4517,3.22581
4518,1.42276
4519,2.56468
4520,2.63257
4521,1.71694
4522,2.68422
4523,4.05871
4524,2.18581
4525,1.73206
4526,2.78473
4527,1.34326
4528,2.58683
4529,2.03059
4530,1.6791
4531,2.10125
4532,3.00117
4533,3.56011
4534,1.65618
4535,2.42992
4536,1.00977
4537,2.37229
4538,1.78812
4539,1.46091
4540,1.72736
4541,2.47364
4542,2.5915
4543,1.38116
4544,2.49566
4545,0.848527
4546,2.07815
4547,1.58885
4548,1.1885
4549,1.46901
4550,2.07223
4551,2.17375
4552,1.4345
4553,2.28079
4554,0.658886
4555,1.96256
4556,1.38786
4557,0.823615
4558,1.28939
4559,2.03466
4560,2.58934
4561,1.25906
4562,1.77823
4563,0.381667
4564,1.63394
4565,1.28928
4566,0.849762
4567,1.05252
4568,3.00374
4569,1.59888
4570,1.00828
4571,1.63161
4572,0.473023
4573,1.36686
4574,1.25454
4575,0.880158
4576,1.04978
4577,2.12016
4578,1.98286
4579,1.12989
4580,1.9754
4581,1.32213
4582,4.11941
4583,2.57236
4584,1.11993
4585,2.53097
4586,2.72206
4587,4.44003
4588,2.80333
4589,4.92807
4590,1.0842
4591,3.07131
4592,2.24818
4593,0.991536
4594,2.44659
4595,2.43883
4596,3.78914
4597,1.91067
4598,3.33602
4599,1.03759
4600,4.23135
4601,1.85924
4602,1.03712
4603,1.70301
4604,2.12002
4605,3.60138
4606,1.43626
4607,1.97779
4608,0.715393
4609,11.0164
4610,1.90263
4611,0.886274
4612,1.50982
4613,2.10713
4614,2.69931
4615,1.48587
4616,2.05299
4617,0.960506
4618,12.6782
4619,1.99115
4620,0.968875
4621,1.51273
4622,1.7697
4623,1.54704
4624,1.47944
4625,2.11329
4626,1.51006
4627,9.69873
4628,1.94049
4629,0.835476
4630,1.33925
4631,1.40288
4632,1.13281
4633,1.29874
4634,2.07322
4635,1.39404
4636,6.24894
4637,1.90888
4638,0.569984
4639,1.51146
4640,1.54936
4641,1.55843
4642,1.22628
4643,1.91916
4644,1.28974
4645,4.30741
4646,1.73991
4647,0.800633
4648,1.82111
4649,1.27805
4650,1.01246
4651,1.2413
4652,2.36581
4653,0.807103
4654,2.93906
4655,1.33025
4656,0.656682
4657,1.86968
4658,1.19359
4659,0.979173
4660,1.16846
4661,2.26679
4662,0.897612
4663,1.97889
4664,1.07063
4665,0.55614
4666,1.90577
4667,1.47617
4668,1.1001
4669,1.13112
4670,2.74343
4671,0.650484
4672,1.49644
4673,0.986228
4674,0.382824
4675,1.44746
4676,1.40872
4677,1.73194
4678,0.859727
4679,2.79197
4680,0.485462
4681,1.17396
4682,0.947481
4683,0.394937
4684,1.51184
4685,1.18308
4686,1.10282
4687,0.720955
4688,3.08264
4689,0.427573
4690,1.07823
4691,0.893047
4692,0.405567
4693,1.49086
4694,1.29207
4695,1.09028
4696,0.826613
4697,2.23362
4698,0.385137
4699,1.01755
4700,0.886824
4701,0.40443
4702,1.48304
4703,1.48293
4704,1.76193
4705,0.769184
4706,2.18168
4707,0.350148
4708,1.00274
4709,0.991404
4710,0.37643
4711,1.50607
4712,1.56082
4713,0.800676
4714,0.852161
4715,2.05627
4716,0.267705
4717,1.01911
4718,0.926273
4719,0.55631
4720,1.63625
4721,1.52908
4722,1.01847
4723,0.789292
4724,2.01769
4725,0.465896
4726,1.03488
4727,0.933825
4728,0.554342
4729,2.23016
4730,3.26581
4731,2.76924
4732,0.85246
4733,2.06348
4734,0.533529
4735,1.20081
4736,1.12636
4737,2.42494
4738,3.15987
4739,5.9817
4740,4.75631
4741,0.981198
4742,3.00167
4743,0.695686
4744,1.5318
4745,2.09056
4746,2.25424
4747,4.95557
4748,9.23291
4749,8.52641
4750,1.84398
4751,3.56218
4752,0.87534
4753,2.13339
4754,2.72665
4755,2.70693
4756,5.10041
4757,8.54917
4758,7.35863
4759,2.41792
4760,4.08232
4761,1.38597
4762,2.2679
4763,2.7575
4764,2.64654
4765,4.77277
4766,7.7484
4767,9.61234
4768,2.62109
4769,3.85694
4770,1.7382
4771,2.41657
4772,2.72465
4773,3.29494
4774,4.85935
4775,7.06987
4776,8.79752
4777,3.45904
4778,3.72364
4779,1.61863
4780,2.34788
4781,3.12692
4782,3.53346
4783,5.04273
4784,7.62495
4785,9.72926
4786,5.3829
4787,5.45719
4788,1.63829
4789,2.7123
4790,4.33246
4791,6.66831
4792,5.49133
4793,8.29898
4794,11.2912
4795,7.05157
4796,5.1798
4797,2.42389
4798,3.30184
4799,6.46847
4800,9.71808
4801,6.41715
4802,6.498
4803,12.2409
4804,9.27888
4805,6.44185
4806,4.51895
4807,4.71869
4808,9.87409
4809,9.90557
4810,8.71103
4811,5.925
4812,10.9028
4813,7.69778
4814,5.65572
4815,7.12848
4816,5.69058
4817,9.72033
4818,7.08522
4819,8.86616
4820,5.98485
4821,8.83199
4822,6.15067
4823,5.92614
4824,9.8235
4825,5.42856
4826,8.2995
4827,6.281
4828,6.66982
4829,5.20833
4830,6.69033
4831,4.8087
4832,5.5128
4833,7.50346
4834,4.68809
4835,6.06603
4836,4.11917
4837,5.08819
4838,4.33516
4839,6.13812
4840,3.37655
4841,4.66209
4842,4.96028
4843,3.82929
4844,4.15103
4845,2.58401
4846,3.62071
4847,4.17114
4848,5.61032
4849,2.69027
4850,4.13592
4851,3.1036
4852,3.75916
4853,3.22139
4854,2.16522
4855,3.37864
4856,3.6645
4857,4.49009
4858,2.70044
4859,4.57692
