DROP,REGION,YEAR,WEEK
0,0,1997,40
1,1,1997,40
2,2,1997,40
3,3,1997,40
4,4,1997,40
5,5,1997,40
6,6,1997,40
7,7,1997,40
8,8,1997,40
9,0,1997,41
10,1,1997,41
11,2,1997,41
12,3,1997,41
13,4,1997,41
14,5,1997,41
15,6,1997,41
16,7,1997,41
17,8,1997,41
18,0,1997,42
19,1,1997,42
20,2,1997,42
21,3,1997,42
22,4,1997,42
23,5,1997,42
24,6,1997,42
25,7,1997,42
26,8,1997,42
27,0,1997,43
28,1,1997,43
29,2,1997,43
30,3,1997,43
31,4,1997,43
32,5,1997,43
33,6,1997,43
34,7,1997,43
35,8,1997,43
36,0,1997,44
37,1,1997,44
38,2,1997,44
39,3,1997,44
40,4,1997,44
41,5,1997,44
42,6,1997,44
43,7,1997,44
44,8,1997,44
45,0,1997,45
46,1,1997,45
47,2,1997,45
48,3,1997,45
49,4,1997,45
50,5,1997,45
51,6,1997,45
52,7,1997,45
53,8,1997,45
54,0,1997,46
55,1,1997,46
56,2,1997,46
57,3,1997,46
58,4,1997,46
59,5,1997,46
60,6,1997,46
61,7,1997,46
62,8,1997,46
63,0,1997,47
64,1,1997,47
65,2,1997,47
66,3,1997,47
67,4,1997,47
68,5,1997,47
69,6,1997,47
70,7,1997,47
71,8,1997,47
72,0,1997,48
73,1,1997,48
74,2,1997,48
75,3,1997,48
76,4,1997,48
77,5,1997,48
78,6,1997,48
79,7,1997,48
80,8,1997,48
81,0,1997,49
82,1,1997,49
83,2,1997,49
84,3,1997,49
85,4,1997,49
86,5,1997,49
87,6,1997,49
88,7,1997,49
89,8,1997,49
90,0,1997,50
91,1,1997,50
92,2,1997,50
93,3,1997,50
94,4,1997,50
95,5,1997,50
96,6,1997,50
97,7,1997,50
98,8,1997,50
99,0,1997,51
100,1,1997,51
101,2,1997,51
102,3,1997,51
103,4,1997,51
104,5,1997,51
105,6,1997,51
106,7,1997,51
107,8,1997,51
108,0,1997,52
109,1,1997,52
110,2,1997,52
111,3,1997,52
112,4,1997,52
113,5,1997,52
114,6,1997,52
115,7,1997,52
116,8,1997,52
117,0,1997,53
118,1,1997,53
119,2,1997,53
120,3,1997,53
121,4,1997,53
122,5,1997,53
123,6,1997,53
124,7,1997,53
125,8,1997,53
126,0,1998,1
127,1,1998,1
128,2,1998,1
129,3,1998,1
130,4,1998,1
131,5,1998,1
132,6,1998,1
133,7,1998,1
134,8,1998,1
135,0,1998,2
136,1,1998,2
137,2,1998,2
138,3,1998,2
139,4,1998,2
140,5,1998,2
141,6,1998,2
142,7,1998,2
143,8,1998,2
144,0,1998,3
145,1,1998,3
146,2,1998,3
147,3,1998,3
148,4,1998,3
149,5,1998,3
150,6,1998,3
151,7,1998,3
152,8,1998,3
153,0,1998,4
154,1,1998,4
155,2,1998,4
156,3,1998,4
157,4,1998,4
158,5,1998,4
159,6,1998,4
160,7,1998,4
161,8,1998,4
162,0,1998,5
163,1,1998,5
164,2,1998,5
165,3,1998,5
166,4,1998,5
167,5,1998,5
168,6,1998,5
169,7,1998,5
170,8,1998,5
171,0,1998,6
172,1,1998,6
173,2,1998,6
174,3,1998,6
175,4,1998,6
176,5,1998,6
177,6,1998,6
178,7,1998,6
179,8,1998,6
180,0,1998,7
181,1,1998,7
182,2,1998,7
183,3,1998,7
184,4,1998,7
185,5,1998,7
186,6,1998,7
187,7,1998,7
188,8,1998,7
189,0,1998,8
190,1,1998,8
191,2,1998,8
192,3,1998,8
193,4,1998,8
194,5,1998,8
195,6,1998,8
196,7,1998,8
197,8,1998,8
198,0,1998,9
199,1,1998,9
200,2,1998,9
201,3,1998,9
202,4,1998,9
203,5,1998,9
204,6,1998,9
205,7,1998,9
206,8,1998,9
207,0,1998,10
208,1,1998,10
209,2,1998,10
210,3,1998,10
211,4,1998,10
212,5,1998,10
213,6,1998,10
214,7,1998,10
215,8,1998,10
216,0,1998,11
217,1,1998,11
218,2,1998,11
219,3,1998,11
220,4,1998,11
221,5,1998,11
222,6,1998,11
223,7,1998,11
224,8,1998,11
225,0,1998,12
226,1,1998,12
227,2,1998,12
228,3,1998,12
229,4,1998,12
230,5,1998,12
231,6,1998,12
232,7,1998,12
233,8,1998,12
234,0,1998,13
235,1,1998,13
236,2,1998,13
237,3,1998,13
238,4,1998,13
239,5,1998,13
240,6,1998,13
241,7,1998,13
242,8,1998,13
243,0,1998,14
244,1,1998,14
245,2,1998,14
246,3,1998,14
247,4,1998,14
248,5,1998,14
249,6,1998,14
250,7,1998,14
251,8,1998,14
252,0,1998,15
253,1,1998,15
254,2,1998,15
255,3,1998,15
256,4,1998,15
257,5,1998,15
258,6,1998,15
259,7,1998,15
260,8,1998,15
261,0,1998,16
262,1,1998,16
263,2,1998,16
264,3,1998,16
265,4,1998,16
266,5,1998,16
267,6,1998,16
268,7,1998,16
269,8,1998,16
270,0,1998,17
271,1,1998,17
272,2,1998,17
273,3,1998,17
274,4,1998,17
275,5,1998,17
276,6,1998,17
277,7,1998,17
278,8,1998,17
279,0,1998,18
280,1,1998,18
281,2,1998,18
282,3,1998,18
283,4,1998,18
284,5,1998,18
285,6,1998,18
286,7,1998,18
287,8,1998,18
288,0,1998,19
289,1,1998,19
290,2,1998,19
291,3,1998,19
292,4,1998,19
293,5,1998,19
294,6,1998,19
295,7,1998,19
296,8,1998,19
297,0,1998,20
298,1,1998,20
299,2,1998,20
300,3,1998,20
301,4,1998,20
302,5,1998,20
303,6,1998,20
304,7,1998,20
305,8,1998,20
306,0,1998,40
307,1,1998,40
308,2,1998,40
309,3,1998,40
310,4,1998,40
311,5,1998,40
312,6,1998,40
313,7,1998,40
314,8,1998,40
315,0,1998,41
316,1,1998,41
317,2,1998,41
318,3,1998,41
319,4,1998,41
320,5,1998,41
321,6,1998,41
322,7,1998,41
323,8,1998,41
324,0,1998,42
325,1,1998,42
326,2,1998,42
327,3,1998,42
328,4,1998,42
329,5,1998,42
330,6,1998,42
331,7,1998,42
332,8,1998,42
333,0,1998,43
334,1,1998,43
335,2,1998,43
336,3,1998,43
337,4,1998,43
338,5,1998,43
339,6,1998,43
340,7,1998,43
341,8,1998,43
342,0,1998,44
343,1,1998,44
344,2,1998,44
345,3,1998,44
346,4,1998,44
347,5,1998,44
348,6,1998,44
349,7,1998,44
350,8,1998,44
351,0,1998,45
352,1,1998,45
353,2,1998,45
354,3,1998,45
355,4,1998,45
356,5,1998,45
357,6,1998,45
358,7,1998,45
359,8,1998,45
360,0,1998,46
361,1,1998,46
362,2,1998,46
363,3,1998,46
364,4,1998,46
365,5,1998,46
366,6,1998,46
367,7,1998,46
368,8,1998,46
369,0,1998,47
370,1,1998,47
371,2,1998,47
372,3,1998,47
373,4,1998,47
374,5,1998,47
375,6,1998,47
376,7,1998,47
377,8,1998,47
378,0,1998,48
379,1,1998,48
380,2,1998,48
381,3,1998,48
382,4,1998,48
383,5,1998,48
384,6,1998,48
385,7,1998,48
386,8,1998,48
387,0,1998,49
388,1,1998,49
389,2,1998,49
390,3,1998,49
391,4,1998,49
392,5,1998,49
393,6,1998,49
394,7,1998,49
395,8,1998,49
396,0,1998,50
397,1,1998,50
398,2,1998,50
399,3,1998,50
400,4,1998,50
401,5,1998,50
402,6,1998,50
403,7,1998,50
404,8,1998,50
405,0,1998,51
406,1,1998,51
407,2,1998,51
408,3,1998,51
409,4,1998,51
410,5,1998,51
411,6,1998,51
412,7,1998,51
413,8,1998,51
414,0,1998,52
415,1,1998,52
416,2,1998,52
417,3,1998,52
418,4,1998,52
419,5,1998,52
420,6,1998,52
421,7,1998,52
422,8,1998,52
423,0,1999,1
424,1,1999,1
425,2,1999,1
426,3,1999,1
427,4,1999,1
428,5,1999,1
429,6,1999,1
430,7,1999,1
431,8,1999,1
432,0,1999,2
433,1,1999,2
434,2,1999,2
435,3,1999,2
436,4,1999,2
437,5,1999,2
438,6,1999,2
439,7,1999,2
440,8,1999,2
441,0,1999,3
442,1,1999,3
443,2,1999,3
444,3,1999,3
445,4,1999,3
446,5,1999,3
447,6,1999,3
448,7,1999,3
449,8,1999,3
450,0,1999,4
451,1,1999,4
452,2,1999,4
453,3,1999,4
454,4,1999,4
455,5,1999,4
456,6,1999,4
457,7,1999,4
458,8,1999,4
459,0,1999,5
460,1,1999,5
461,2,1999,5
462,3,1999,5
463,4,1999,5
464,5,1999,5
465,6,1999,5
466,7,1999,5
467,8,1999,5
468,0,1999,6
469,1,1999,6
470,2,1999,6
471,3,1999,6
472,4,1999,6
473,5,1999,6
474,6,1999,6
475,7,1999,6
476,8,1999,6
477,0,1999,7
478,1,1999,7
479,2,1999,7
480,3,1999,7
481,4,1999,7
482,5,1999,7
483,6,1999,7
484,7,1999,7
485,8,1999,7
486,0,1999,8
487,1,1999,8
488,2,1999,8
489,3,1999,8
490,4,1999,8
491,5,1999,8
492,6,1999,8
493,7,1999,8
494,8,1999,8
495,0,1999,9
496,1,1999,9
497,2,1999,9
498,3,1999,9
499,4,1999,9
500,5,1999,9
501,6,1999,9
502,7,1999,9
503,8,1999,9
504,0,1999,10
505,1,1999,10
506,2,1999,10
507,3,1999,10
508,4,1999,10
509,5,1999,10
510,6,1999,10
511,7,1999,10
512,8,1999,10
513,0,1999,11
514,1,1999,11
515,2,1999,11
516,3,1999,11
517,4,1999,11
518,5,1999,11
519,6,1999,11
520,7,1999,11
521,8,1999,11
522,0,1999,12
523,1,1999,12
524,2,1999,12
525,3,1999,12
526,4,1999,12
527,5,1999,12
528,6,1999,12
529,7,1999,12
530,8,1999,12
531,0,1999,13
532,1,1999,13
533,2,1999,13
534,3,1999,13
535,4,1999,13
536,5,1999,13
537,6,1999,13
538,7,1999,13
539,8,1999,13
540,0,1999,14
541,1,1999,14
542,2,1999,14
543,3,1999,14
544,4,1999,14
545,5,1999,14
546,6,1999,14
547,7,1999,14
548,8,1999,14
549,0,1999,15
550,1,1999,15
551,2,1999,15
552,3,1999,15
553,4,1999,15
554,5,1999,15
555,6,1999,15
556,7,1999,15
557,8,1999,15
558,0,1999,16
559,1,1999,16
560,2,1999,16
561,3,1999,16
562,4,1999,16
563,5,1999,16
564,6,1999,16
565,7,1999,16
566,8,1999,16
567,0,1999,17
568,1,1999,17
569,2,1999,17
570,3,1999,17
571,4,1999,17
572,5,1999,17
573,6,1999,17
574,7,1999,17
575,8,1999,17
576,0,1999,18
577,1,1999,18
578,2,1999,18
579,3,1999,18
580,4,1999,18
581,5,1999,18
582,6,1999,18
583,7,1999,18
584,8,1999,18
585,0,1999,19
586,1,1999,19
587,2,1999,19
588,3,1999,19
589,4,1999,19
590,5,1999,19
591,6,1999,19
592,7,1999,19
593,8,1999,19
594,0,1999,20
595,1,1999,20
596,2,1999,20
597,3,1999,20
598,4,1999,20
599,5,1999,20
600,6,1999,20
601,7,1999,20
602,8,1999,20
603,0,1999,40
604,1,1999,40
605,2,1999,40
606,3,1999,40
607,4,1999,40
608,5,1999,40
609,6,1999,40
610,7,1999,40
611,8,1999,40
612,0,1999,41
613,1,1999,41
614,2,1999,41
615,3,1999,41
616,4,1999,41
617,5,1999,41
618,6,1999,41
619,7,1999,41
620,8,1999,41
621,0,1999,42
622,1,1999,42
623,2,1999,42
624,3,1999,42
625,4,1999,42
626,5,1999,42
627,6,1999,42
628,7,1999,42
629,8,1999,42
630,0,1999,43
631,1,1999,43
632,2,1999,43
633,3,1999,43
634,4,1999,43
635,5,1999,43
636,6,1999,43
637,7,1999,43
638,8,1999,43
639,0,1999,44
640,1,1999,44
641,2,1999,44
642,3,1999,44
643,4,1999,44
644,5,1999,44
645,6,1999,44
646,7,1999,44
647,8,1999,44
648,0,1999,45
649,1,1999,45
650,2,1999,45
651,3,1999,45
652,4,1999,45
653,5,1999,45
654,6,1999,45
655,7,1999,45
656,8,1999,45
657,0,1999,46
658,1,1999,46
659,2,1999,46
660,3,1999,46
661,4,1999,46
662,5,1999,46
663,6,1999,46
664,7,1999,46
665,8,1999,46
666,0,1999,47
667,1,1999,47
668,2,1999,47
669,3,1999,47
670,4,1999,47
671,5,1999,47
672,6,1999,47
673,7,1999,47
674,8,1999,47
675,0,1999,48
676,1,1999,48
677,2,1999,48
678,3,1999,48
679,4,1999,48
680,5,1999,48
681,6,1999,48
682,7,1999,48
683,8,1999,48
684,0,1999,49
685,1,1999,49
686,2,1999,49
687,3,1999,49
688,4,1999,49
689,5,1999,49
690,6,1999,49
691,7,1999,49
692,8,1999,49
693,0,1999,50
694,1,1999,50
695,2,1999,50
696,3,1999,50
697,4,1999,50
698,5,1999,50
699,6,1999,50
700,7,1999,50
701,8,1999,50
702,0,1999,51
703,1,1999,51
704,2,1999,51
705,3,1999,51
706,4,1999,51
707,5,1999,51
708,6,1999,51
709,7,1999,51
710,8,1999,51
711,0,1999,52
712,1,1999,52
713,2,1999,52
714,3,1999,52
715,4,1999,52
716,5,1999,52
717,6,1999,52
718,7,1999,52
719,8,1999,52
720,0,2000,1
721,1,2000,1
722,2,2000,1
723,3,2000,1
724,4,2000,1
725,5,2000,1
726,6,2000,1
727,7,2000,1
728,8,2000,1
729,0,2000,2
730,1,2000,2
731,2,2000,2
732,3,2000,2
733,4,2000,2
734,5,2000,2
735,6,2000,2
736,7,2000,2
737,8,2000,2
738,0,2000,3
739,1,2000,3
740,2,2000,3
741,3,2000,3
742,4,2000,3
743,5,2000,3
744,6,2000,3
745,7,2000,3
746,8,2000,3
747,0,2000,4
748,1,2000,4
749,2,2000,4
750,3,2000,4
751,4,2000,4
752,5,2000,4
753,6,2000,4
754,7,2000,4
755,8,2000,4
756,0,2000,5
757,1,2000,5
758,2,2000,5
759,3,2000,5
760,4,2000,5
761,5,2000,5
762,6,2000,5
763,7,2000,5
764,8,2000,5
765,0,2000,6
766,1,2000,6
767,2,2000,6
768,3,2000,6
769,4,2000,6
770,5,2000,6
771,6,2000,6
772,7,2000,6
773,8,2000,6
774,0,2000,7
775,1,2000,7
776,2,2000,7
777,3,2000,7
778,4,2000,7
779,5,2000,7
780,6,2000,7
781,7,2000,7
782,8,2000,7
783,0,2000,8
784,1,2000,8
785,2,2000,8
786,3,2000,8
787,4,2000,8
788,5,2000,8
789,6,2000,8
790,7,2000,8
791,8,2000,8
792,0,2000,9
793,1,2000,9
794,2,2000,9
795,3,2000,9
796,4,2000,9
797,5,2000,9
798,6,2000,9
799,7,2000,9
800,8,2000,9
801,0,2000,10
802,1,2000,10
803,2,2000,10
804,3,2000,10
805,4,2000,10
806,5,2000,10
807,6,2000,10
808,7,2000,10
809,8,2000,10
810,0,2000,11
811,1,2000,11
812,2,2000,11
813,3,2000,11
814,4,2000,11
815,5,2000,11
816,6,2000,11
817,7,2000,11
818,8,2000,11
819,0,2000,12
820,1,2000,12
821,2,2000,12
822,3,2000,12
823,4,2000,12
824,5,2000,12
825,6,2000,12
826,7,2000,12
827,8,2000,12
828,0,2000,13
829,1,2000,13
830,2,2000,13
831,3,2000,13
832,4,2000,13
833,5,2000,13
834,6,2000,13
835,7,2000,13
836,8,2000,13
837,0,2000,14
838,1,2000,14
839,2,2000,14
840,3,2000,14
841,4,2000,14
842,5,2000,14
843,6,2000,14
844,7,2000,14
845,8,2000,14
846,0,2000,15
847,1,2000,15
848,2,2000,15
849,3,2000,15
850,4,2000,15
851,5,2000,15
852,6,2000,15
853,7,2000,15
854,8,2000,15
855,0,2000,16
856,1,2000,16
857,2,2000,16
858,3,2000,16
859,4,2000,16
860,5,2000,16
861,6,2000,16
862,7,2000,16
863,8,2000,16
864,0,2000,17
865,1,2000,17
866,2,2000,17
867,3,2000,17
868,4,2000,17
869,5,2000,17
870,6,2000,17
871,7,2000,17
872,8,2000,17
873,0,2000,18
874,1,2000,18
875,2,2000,18
876,3,2000,18
877,4,2000,18
878,5,2000,18
879,6,2000,18
880,7,2000,18
881,8,2000,18
882,0,2000,19
883,1,2000,19
884,2,2000,19
885,3,2000,19
886,4,2000,19
887,5,2000,19
888,6,2000,19
889,7,2000,19
890,8,2000,19
891,0,2000,20
892,1,2000,20
893,2,2000,20
894,3,2000,20
895,4,2000,20
896,5,2000,20
897,6,2000,20
898,7,2000,20
899,8,2000,20
900,0,2000,40
901,1,2000,40
902,2,2000,40
903,3,2000,40
904,4,2000,40
905,5,2000,40
906,6,2000,40
907,7,2000,40
908,8,2000,40
909,0,2000,41
910,1,2000,41
911,2,2000,41
912,3,2000,41
913,4,2000,41
914,5,2000,41
915,6,2000,41
916,7,2000,41
917,8,2000,41
918,0,2000,42
919,1,2000,42
920,2,2000,42
921,3,2000,42
922,4,2000,42
923,5,2000,42
924,6,2000,42
925,7,2000,42
926,8,2000,42
927,0,2000,43
928,1,2000,43
929,2,2000,43
930,3,2000,43
931,4,2000,43
932,5,2000,43
933,6,2000,43
934,7,2000,43
935,8,2000,43
936,0,2000,44
937,1,2000,44
938,2,2000,44
939,3,2000,44
940,4,2000,44
941,5,2000,44
942,6,2000,44
943,7,2000,44
944,8,2000,44
945,0,2000,45
946,1,2000,45
947,2,2000,45
948,3,2000,45
949,4,2000,45
950,5,2000,45
951,6,2000,45
952,7,2000,45
953,8,2000,45
954,0,2000,46
955,1,2000,46
956,2,2000,46
957,3,2000,46
958,4,2000,46
959,5,2000,46
960,6,2000,46
961,7,2000,46
962,8,2000,46
963,0,2000,47
964,1,2000,47
965,2,2000,47
966,3,2000,47
967,4,2000,47
968,5,2000,47
969,6,2000,47
970,7,2000,47
971,8,2000,47
972,0,2000,48
973,1,2000,48
974,2,2000,48
975,3,2000,48
976,4,2000,48
977,5,2000,48
978,6,2000,48
979,7,2000,48
980,8,2000,48
981,0,2000,49
982,1,2000,49
983,2,2000,49
984,3,2000,49
985,4,2000,49
986,5,2000,49
987,6,2000,49
988,7,2000,49
989,8,2000,49
990,0,2000,50
991,1,2000,50
992,2,2000,50
993,3,2000,50
994,4,2000,50
995,5,2000,50
996,6,2000,50
997,7,2000,50
998,8,2000,50
999,0,2000,51
1000,1,2000,51
1001,2,2000,51
1002,3,2000,51
1003,4,2000,51
1004,5,2000,51
1005,6,2000,51
1006,7,2000,51
1007,8,2000,51
1008,0,2000,52
1009,1,2000,52
1010,2,2000,52
1011,3,2000,52
1012,4,2000,52
1013,5,2000,52
1014,6,2000,52
1015,7,2000,52
1016,8,2000,52
1017,0,2001,1
1018,1,2001,1
1019,2,2001,1
1020,3,2001,1
1021,4,2001,1
1022,5,2001,1
1023,6,2001,1
1024,7,2001,1
1025,8,2001,1
1026,0,2001,2
1027,1,2001,2
1028,2,2001,2
1029,3,2001,2
1030,4,2001,2
1031,5,2001,2
1032,6,2001,2
1033,7,2001,2
1034,8,2001,2
1035,0,2001,3
1036,1,2001,3
1037,2,2001,3
1038,3,2001,3
1039,4,2001,3
1040,5,2001,3
1041,6,2001,3
1042,7,2001,3
1043,8,2001,3
1044,0,2001,4
1045,1,2001,4
1046,2,2001,4
1047,3,2001,4
1048,4,2001,4
1049,5,2001,4
1050,6,2001,4
1051,7,2001,4
1052,8,2001,4
1053,0,2001,5
1054,1,2001,5
1055,2,2001,5
1056,3,2001,5
1057,4,2001,5
1058,5,2001,5
1059,6,2001,5
1060,7,2001,5
1061,8,2001,5
1062,0,2001,6
1063,1,2001,6
1064,2,2001,6
1065,3,2001,6
1066,4,2001,6
1067,5,2001,6
1068,6,2001,6
1069,7,2001,6
1070,8,2001,6
1071,0,2001,7
1072,1,2001,7
1073,2,2001,7
1074,3,2001,7
1075,4,2001,7
1076,5,2001,7
1077,6,2001,7
1078,7,2001,7
1079,8,2001,7
1080,0,2001,8
1081,1,2001,8
1082,2,2001,8
1083,3,2001,8
1084,4,2001,8
1085,5,2001,8
1086,6,2001,8
1087,7,2001,8
1088,8,2001,8
1089,0,2001,9
1090,1,2001,9
1091,2,2001,9
1092,3,2001,9
1093,4,2001,9
1094,5,2001,9
1095,6,2001,9
1096,7,2001,9
1097,8,2001,9
1098,0,2001,10
1099,1,2001,10
1100,2,2001,10
1101,3,2001,10
1102,4,2001,10
1103,5,2001,10
1104,6,2001,10
1105,7,2001,10
1106,8,2001,10
1107,0,2001,11
1108,1,2001,11
1109,2,2001,11
1110,3,2001,11
1111,4,2001,11
1112,5,2001,11
1113,6,2001,11
1114,7,2001,11
1115,8,2001,11
1116,0,2001,12
1117,1,2001,12
1118,2,2001,12
1119,3,2001,12
1120,4,2001,12
1121,5,2001,12
1122,6,2001,12
1123,7,2001,12
1124,8,2001,12
1125,0,2001,13
1126,1,2001,13
1127,2,2001,13
1128,3,2001,13
1129,4,2001,13
1130,5,2001,13
1131,6,2001,13
1132,7,2001,13
1133,8,2001,13
1134,0,2001,14
1135,1,2001,14
1136,2,2001,14
1137,3,2001,14
1138,4,2001,14
1139,5,2001,14
1140,6,2001,14
1141,7,2001,14
1142,8,2001,14
1143,0,2001,15
1144,1,2001,15
1145,2,2001,15
1146,3,2001,15
1147,4,2001,15
1148,5,2001,15
1149,6,2001,15
1150,7,2001,15
1151,8,2001,15
1152,0,2001,16
1153,1,2001,16
1154,2,2001,16
1155,3,2001,16
1156,4,2001,16
1157,5,2001,16
1158,6,2001,16
1159,7,2001,16
1160,8,2001,16
1161,0,2001,17
1162,1,2001,17
1163,2,2001,17
1164,3,2001,17
1165,4,2001,17
1166,5,2001,17
1167,6,2001,17
1168,7,2001,17
1169,8,2001,17
1170,0,2001,18
1171,1,2001,18
1172,2,2001,18
1173,3,2001,18
1174,4,2001,18
1175,5,2001,18
1176,6,2001,18
1177,7,2001,18
1178,8,2001,18
1179,0,2001,19
1180,1,2001,19
1181,2,2001,19
1182,3,2001,19
1183,4,2001,19
1184,5,2001,19
1185,6,2001,19
1186,7,2001,19
1187,8,2001,19
1188,0,2001,20
1189,1,2001,20
1190,2,2001,20
1191,3,2001,20
1192,4,2001,20
1193,5,2001,20
1194,6,2001,20
1195,7,2001,20
1196,8,2001,20
1197,0,2001,40
1198,1,2001,40
1199,2,2001,40
1200,3,2001,40
1201,4,2001,40
1202,5,2001,40
1203,6,2001,40
1204,7,2001,40
1205,8,2001,40
1206,0,2001,41
1207,1,2001,41
1208,2,2001,41
1209,3,2001,41
1210,4,2001,41
1211,5,2001,41
1212,6,2001,41
1213,7,2001,41
1214,8,2001,41
1215,0,2001,42
1216,1,2001,42
1217,2,2001,42
1218,3,2001,42
1219,4,2001,42
1220,5,2001,42
1221,6,2001,42
1222,7,2001,42
1223,8,2001,42
1224,0,2001,43
1225,1,2001,43
1226,2,2001,43
1227,3,2001,43
1228,4,2001,43
1229,5,2001,43
1230,6,2001,43
1231,7,2001,43
1232,8,2001,43
1233,0,2001,44
1234,1,2001,44
1235,2,2001,44
1236,3,2001,44
1237,4,2001,44
1238,5,2001,44
1239,6,2001,44
1240,7,2001,44
1241,8,2001,44
1242,0,2001,45
1243,1,2001,45
1244,2,2001,45
1245,3,2001,45
1246,4,2001,45
1247,5,2001,45
1248,6,2001,45
1249,7,2001,45
1250,8,2001,45
1251,0,2001,46
1252,1,2001,46
1253,2,2001,46
1254,3,2001,46
1255,4,2001,46
1256,5,2001,46
1257,6,2001,46
1258,7,2001,46
1259,8,2001,46
1260,0,2001,47
1261,1,2001,47
1262,2,2001,47
1263,3,2001,47
1264,4,2001,47
1265,5,2001,47
1266,6,2001,47
1267,7,2001,47
1268,8,2001,47
1269,0,2001,48
1270,1,2001,48
1271,2,2001,48
1272,3,2001,48
1273,4,2001,48
1274,5,2001,48
1275,6,2001,48
1276,7,2001,48
1277,8,2001,48
1278,0,2001,49
1279,1,2001,49
1280,2,2001,49
1281,3,2001,49
1282,4,2001,49
1283,5,2001,49
1284,6,2001,49
1285,7,2001,49
1286,8,2001,49
1287,0,2001,50
1288,1,2001,50
1289,2,2001,50
1290,3,2001,50
1291,4,2001,50
1292,5,2001,50
1293,6,2001,50
1294,7,2001,50
1295,8,2001,50
1296,0,2001,51
1297,1,2001,51
1298,2,2001,51
1299,3,2001,51
1300,4,2001,51
1301,5,2001,51
1302,6,2001,51
1303,7,2001,51
1304,8,2001,51
1305,0,2001,52
1306,1,2001,52
1307,2,2001,52
1308,3,2001,52
1309,4,2001,52
1310,5,2001,52
1311,6,2001,52
1312,7,2001,52
1313,8,2001,52
1314,0,2002,1
1315,1,2002,1
1316,2,2002,1
1317,3,2002,1
1318,4,2002,1
1319,5,2002,1
1320,6,2002,1
1321,7,2002,1
1322,8,2002,1
1323,0,2002,2
1324,1,2002,2
1325,2,2002,2
1326,3,2002,2
1327,4,2002,2
1328,5,2002,2
1329,6,2002,2
1330,7,2002,2
1331,8,2002,2
1332,0,2002,3
1333,1,2002,3
1334,2,2002,3
1335,3,2002,3
1336,4,2002,3
1337,5,2002,3
1338,6,2002,3
1339,7,2002,3
1340,8,2002,3
1341,0,2002,4
1342,1,2002,4
1343,2,2002,4
1344,3,2002,4
1345,4,2002,4
1346,5,2002,4
1347,6,2002,4
1348,7,2002,4
1349,8,2002,4
1350,0,2002,5
1351,1,2002,5
1352,2,2002,5
1353,3,2002,5
1354,4,2002,5
1355,5,2002,5
1356,6,2002,5
1357,7,2002,5
1358,8,2002,5
1359,0,2002,6
1360,1,2002,6
1361,2,2002,6
1362,3,2002,6
1363,4,2002,6
1364,5,2002,6
1365,6,2002,6
1366,7,2002,6
1367,8,2002,6
1368,0,2002,7
1369,1,2002,7
1370,2,2002,7
1371,3,2002,7
1372,4,2002,7
1373,5,2002,7
1374,6,2002,7
1375,7,2002,7
1376,8,2002,7
1377,0,2002,8
1378,1,2002,8
1379,2,2002,8
1380,3,2002,8
1381,4,2002,8
1382,5,2002,8
1383,6,2002,8
1384,7,2002,8
1385,8,2002,8
1386,0,2002,9
1387,1,2002,9
1388,2,2002,9
1389,3,2002,9
1390,4,2002,9
1391,5,2002,9
1392,6,2002,9
1393,7,2002,9
1394,8,2002,9
1395,0,2002,10
1396,1,2002,10
1397,2,2002,10
1398,3,2002,10
1399,4,2002,10
1400,5,2002,10
1401,6,2002,10
1402,7,2002,10
1403,8,2002,10
1404,0,2002,11
1405,1,2002,11
1406,2,2002,11
1407,3,2002,11
1408,4,2002,11
1409,5,2002,11
1410,6,2002,11
1411,7,2002,11
1412,8,2002,11
1413,0,2002,12
1414,1,2002,12
1415,2,2002,12
1416,3,2002,12
1417,4,2002,12
1418,5,2002,12
1419,6,2002,12
1420,7,2002,12
1421,8,2002,12
1422,0,2002,13
1423,1,2002,13
1424,2,2002,13
1425,3,2002,13
1426,4,2002,13
1427,5,2002,13
1428,6,2002,13
1429,7,2002,13
1430,8,2002,13
1431,0,2002,14
1432,1,2002,14
1433,2,2002,14
1434,3,2002,14
1435,4,2002,14
1436,5,2002,14
1437,6,2002,14
1438,7,2002,14
1439,8,2002,14
1440,0,2002,15
1441,1,2002,15
1442,2,2002,15
1443,3,2002,15
1444,4,2002,15
1445,5,2002,15
1446,6,2002,15
1447,7,2002,15
1448,8,2002,15
1449,0,2002,16
1450,1,2002,16
1451,2,2002,16
1452,3,2002,16
1453,4,2002,16
1454,5,2002,16
1455,6,2002,16
1456,7,2002,16
1457,8,2002,16
1458,0,2002,17
1459,1,2002,17
1460,2,2002,17
1461,3,2002,17
1462,4,2002,17
1463,5,2002,17
1464,6,2002,17
1465,7,2002,17
1466,8,2002,17
1467,0,2002,18
1468,1,2002,18
1469,2,2002,18
1470,3,2002,18
1471,4,2002,18
1472,5,2002,18
1473,6,2002,18
1474,7,2002,18
1475,8,2002,18
1476,0,2002,19
1477,1,2002,19
1478,2,2002,19
1479,3,2002,19
1480,4,2002,19
1481,5,2002,19
1482,6,2002,19
1483,7,2002,19
1484,8,2002,19
1485,0,2002,20
1486,1,2002,20
1487,2,2002,20
1488,3,2002,20
1489,4,2002,20
1490,5,2002,20
1491,6,2002,20
1492,7,2002,20
1493,8,2002,20
1494,0,2002,40
1495,1,2002,40
1496,2,2002,40
1497,3,2002,40
1498,4,2002,40
1499,5,2002,40
1500,6,2002,40
1501,7,2002,40
1502,8,2002,40
1503,0,2002,41
1504,1,2002,41
1505,2,2002,41
1506,3,2002,41
1507,4,2002,41
1508,5,2002,41
1509,6,2002,41
1510,7,2002,41
1511,8,2002,41
1512,0,2002,42
1513,1,2002,42
1514,2,2002,42
1515,3,2002,42
1516,4,2002,42
1517,5,2002,42
1518,6,2002,42
1519,7,2002,42
1520,8,2002,42
1521,0,2002,43
1522,1,2002,43
1523,2,2002,43
1524,3,2002,43
1525,4,2002,43
1526,5,2002,43
1527,6,2002,43
1528,7,2002,43
1529,8,2002,43
1530,0,2002,44
1531,1,2002,44
1532,2,2002,44
1533,3,2002,44
1534,4,2002,44
1535,5,2002,44
1536,6,2002,44
1537,7,2002,44
1538,8,2002,44
1539,0,2002,45
1540,1,2002,45
1541,2,2002,45
1542,3,2002,45
1543,4,2002,45
1544,5,2002,45
1545,6,2002,45
1546,7,2002,45
1547,8,2002,45
1548,0,2002,46
1549,1,2002,46
1550,2,2002,46
1551,3,2002,46
1552,4,2002,46
1553,5,2002,46
1554,6,2002,46
1555,7,2002,46
1556,8,2002,46
1557,0,2002,47
1558,1,2002,47
1559,2,2002,47
1560,3,2002,47
1561,4,2002,47
1562,5,2002,47
1563,6,2002,47
1564,7,2002,47
1565,8,2002,47
1566,0,2002,48
1567,1,2002,48
1568,2,2002,48
1569,3,2002,48
1570,4,2002,48
1571,5,2002,48
1572,6,2002,48
1573,7,2002,48
1574,8,2002,48
1575,0,2002,49
1576,1,2002,49
1577,2,2002,49
1578,3,2002,49
1579,4,2002,49
1580,5,2002,49
1581,6,2002,49
1582,7,2002,49
1583,8,2002,49
1584,0,2002,50
1585,1,2002,50
1586,2,2002,50
1587,3,2002,50
1588,4,2002,50
1589,5,2002,50
1590,6,2002,50
1591,7,2002,50
1592,8,2002,50
1593,0,2002,51
1594,1,2002,51
1595,2,2002,51
1596,3,2002,51
1597,4,2002,51
1598,5,2002,51
1599,6,2002,51
1600,7,2002,51
1601,8,2002,51
1602,0,2002,52
1603,1,2002,52
1604,2,2002,52
1605,3,2002,52
1606,4,2002,52
1607,5,2002,52
1608,6,2002,52
1609,7,2002,52
1610,8,2002,52
1611,0,2003,1
1612,1,2003,1
1613,2,2003,1
1614,3,2003,1
1615,4,2003,1
1616,5,2003,1
1617,6,2003,1
1618,7,2003,1
1619,8,2003,1
1620,0,2003,2
1621,1,2003,2
1622,2,2003,2
1623,3,2003,2
1624,4,2003,2
1625,5,2003,2
1626,6,2003,2
1627,7,2003,2
1628,8,2003,2
1629,0,2003,3
1630,1,2003,3
1631,2,2003,3
1632,3,2003,3
1633,4,2003,3
1634,5,2003,3
1635,6,2003,3
1636,7,2003,3
1637,8,2003,3
1638,0,2003,4
1639,1,2003,4
1640,2,2003,4
1641,3,2003,4
1642,4,2003,4
1643,5,2003,4
1644,6,2003,4
1645,7,2003,4
1646,8,2003,4
1647,0,2003,5
1648,1,2003,5
1649,2,2003,5
1650,3,2003,5
1651,4,2003,5
1652,5,2003,5
1653,6,2003,5
1654,7,2003,5
1655,8,2003,5
1656,0,2003,6
1657,1,2003,6
1658,2,2003,6
1659,3,2003,6
1660,4,2003,6
1661,5,2003,6
1662,6,2003,6
1663,7,2003,6
1664,8,2003,6
1665,0,2003,7
1666,1,2003,7
1667,2,2003,7
1668,3,2003,7
1669,4,2003,7
1670,5,2003,7
1671,6,2003,7
1672,7,2003,7
1673,8,2003,7
1674,0,2003,8
1675,1,2003,8
1676,2,2003,8
1677,3,2003,8
1678,4,2003,8
1679,5,2003,8
1680,6,2003,8
1681,7,2003,8
1682,8,2003,8
1683,0,2003,9
1684,1,2003,9
1685,2,2003,9
1686,3,2003,9
1687,4,2003,9
1688,5,2003,9
1689,6,2003,9
1690,7,2003,9
1691,8,2003,9
1692,0,2003,10
1693,1,2003,10
1694,2,2003,10
1695,3,2003,10
1696,4,2003,10
1697,5,2003,10
1698,6,2003,10
1699,7,2003,10
1700,8,2003,10
1701,0,2003,11
1702,1,2003,11
1703,2,2003,11
1704,3,2003,11
1705,4,2003,11
1706,5,2003,11
1707,6,2003,11
1708,7,2003,11
1709,8,2003,11
1710,0,2003,12
1711,1,2003,12
1712,2,2003,12
1713,3,2003,12
1714,4,2003,12
1715,5,2003,12
1716,6,2003,12
1717,7,2003,12
1718,8,2003,12
1719,0,2003,13
1720,1,2003,13
1721,2,2003,13
1722,3,2003,13
1723,4,2003,13
1724,5,2003,13
1725,6,2003,13
1726,7,2003,13
1727,8,2003,13
1728,0,2003,14
1729,1,2003,14
1730,2,2003,14
1731,3,2003,14
1732,4,2003,14
1733,5,2003,14
1734,6,2003,14
1735,7,2003,14
1736,8,2003,14
1737,0,2003,15
1738,1,2003,15
1739,2,2003,15
1740,3,2003,15
1741,4,2003,15
1742,5,2003,15
1743,6,2003,15
1744,7,2003,15
1745,8,2003,15
1746,0,2003,16
1747,1,2003,16
1748,2,2003,16
1749,3,2003,16
1750,4,2003,16
1751,5,2003,16
1752,6,2003,16
1753,7,2003,16
1754,8,2003,16
1755,0,2003,17
1756,1,2003,17
1757,2,2003,17
1758,3,2003,17
1759,4,2003,17
1760,5,2003,17
1761,6,2003,17
1762,7,2003,17
1763,8,2003,17
1764,0,2003,18
1765,1,2003,18
1766,2,2003,18
1767,3,2003,18
1768,4,2003,18
1769,5,2003,18
1770,6,2003,18
1771,7,2003,18
1772,8,2003,18
1773,0,2003,19
1774,1,2003,19
1775,2,2003,19
1776,3,2003,19
1777,4,2003,19
1778,5,2003,19
1779,6,2003,19
1780,7,2003,19
1781,8,2003,19
1782,0,2003,20
1783,1,2003,20
1784,2,2003,20
1785,3,2003,20
1786,4,2003,20
1787,5,2003,20
1788,6,2003,20
1789,7,2003,20
1790,8,2003,20
1791,0,2003,21
1792,1,2003,21
1793,2,2003,21
1794,3,2003,21
1795,4,2003,21
1796,5,2003,21
1797,6,2003,21
1798,7,2003,21
1799,8,2003,21
1800,0,2003,22
1801,1,2003,22
1802,2,2003,22
1803,3,2003,22
1804,4,2003,22
1805,5,2003,22
1806,6,2003,22
1807,7,2003,22
1808,8,2003,22
1809,0,2003,23
1810,1,2003,23
1811,2,2003,23
1812,3,2003,23
1813,4,2003,23
1814,5,2003,23
1815,6,2003,23
1816,7,2003,23
1817,8,2003,23
1818,0,2003,24
1819,1,2003,24
1820,2,2003,24
1821,3,2003,24
1822,4,2003,24
1823,5,2003,24
1824,6,2003,24
1825,7,2003,24
1826,8,2003,24
1827,0,2003,25
1828,1,2003,25
1829,2,2003,25
1830,3,2003,25
1831,4,2003,25
1832,5,2003,25
1833,6,2003,25
1834,7,2003,25
1835,8,2003,25
1836,0,2003,26
1837,1,2003,26
1838,2,2003,26
1839,3,2003,26
1840,4,2003,26
1841,5,2003,26
1842,6,2003,26
1843,7,2003,26
1844,8,2003,26
1845,0,2003,27
1846,1,2003,27
1847,2,2003,27
1848,3,2003,27
1849,4,2003,27
1850,5,2003,27
1851,6,2003,27
1852,7,2003,27
1853,8,2003,27
1854,0,2003,28
1855,1,2003,28
1856,2,2003,28
1857,3,2003,28
1858,4,2003,28
1859,5,2003,28
1860,6,2003,28
1861,7,2003,28
1862,8,2003,28
1863,0,2003,29
1864,1,2003,29
1865,2,2003,29
1866,3,2003,29
1867,4,2003,29
1868,5,2003,29
1869,6,2003,29
1870,7,2003,29
1871,8,2003,29
1872,0,2003,30
1873,1,2003,30
1874,2,2003,30
1875,3,2003,30
1876,4,2003,30
1877,5,2003,30
1878,6,2003,30
1879,7,2003,30
1880,8,2003,30
1881,0,2003,31
1882,1,2003,31
1883,2,2003,31
1884,3,2003,31
1885,4,2003,31
1886,5,2003,31
1887,6,2003,31
1888,7,2003,31
1889,8,2003,31
1890,0,2003,32
1891,1,2003,32
1892,2,2003,32
1893,3,2003,32
1894,4,2003,32
1895,5,2003,32
1896,6,2003,32
1897,7,2003,32
1898,8,2003,32
1899,0,2003,33
1900,1,2003,33
1901,2,2003,33
1902,3,2003,33
1903,4,2003,33
1904,5,2003,33
1905,6,2003,33
1906,7,2003,33
1907,8,2003,33
1908,0,2003,34
1909,1,2003,34
1910,2,2003,34
1911,3,2003,34
1912,4,2003,34
1913,5,2003,34
1914,6,2003,34
1915,7,2003,34
1916,8,2003,34
1917,0,2003,35
1918,1,2003,35
1919,2,2003,35
1920,3,2003,35
1921,4,2003,35
1922,5,2003,35
1923,6,2003,35
1924,7,2003,35
1925,8,2003,35
1926,0,2003,36
1927,1,2003,36
1928,2,2003,36
1929,3,2003,36
1930,4,2003,36
1931,5,2003,36
1932,6,2003,36
1933,7,2003,36
1934,8,2003,36
1935,0,2003,37
1936,1,2003,37
1937,2,2003,37
1938,3,2003,37
1939,4,2003,37
1940,5,2003,37
1941,6,2003,37
1942,7,2003,37
1943,8,2003,37
1944,0,2003,38
1945,1,2003,38
1946,2,2003,38
1947,3,2003,38
1948,4,2003,38
1949,5,2003,38
1950,6,2003,38
1951,7,2003,38
1952,8,2003,38
1953,0,2003,39
1954,1,2003,39
1955,2,2003,39
1956,3,2003,39
1957,4,2003,39
1958,5,2003,39
1959,6,2003,39
1960,7,2003,39
1961,8,2003,39
1962,0,2003,40
1963,1,2003,40
1964,2,2003,40
1965,3,2003,40
1966,4,2003,40
1967,5,2003,40
1968,6,2003,40
1969,7,2003,40
1970,8,2003,40
1971,0,2003,41
1972,1,2003,41
1973,2,2003,41
1974,3,2003,41
1975,4,2003,41
1976,5,2003,41
1977,6,2003,41
1978,7,2003,41
1979,8,2003,41
1980,0,2003,42
1981,1,2003,42
1982,2,2003,42
1983,3,2003,42
1984,4,2003,42
1985,5,2003,42
1986,6,2003,42
1987,7,2003,42
1988,8,2003,42
1989,0,2003,43
1990,1,2003,43
1991,2,2003,43
1992,3,2003,43
1993,4,2003,43
1994,5,2003,43
1995,6,2003,43
1996,7,2003,43
1997,8,2003,43
1998,0,2003,44
1999,1,2003,44
2000,2,2003,44
2001,3,2003,44
2002,4,2003,44
2003,5,2003,44
2004,6,2003,44
2005,7,2003,44
2006,8,2003,44
2007,0,2003,45
2008,1,2003,45
2009,2,2003,45
2010,3,2003,45
2011,4,2003,45
2012,5,2003,45
2013,6,2003,45
2014,7,2003,45
2015,8,2003,45
2016,0,2003,46
2017,1,2003,46
2018,2,2003,46
2019,3,2003,46
2020,4,2003,46
2021,5,2003,46
2022,6,2003,46
2023,7,2003,46
2024,8,2003,46
2025,0,2003,47
2026,1,2003,47
2027,2,2003,47
2028,3,2003,47
2029,4,2003,47
2030,5,2003,47
2031,6,2003,47
2032,7,2003,47
2033,8,2003,47
2034,0,2003,48
2035,1,2003,48
2036,2,2003,48
2037,3,2003,48
2038,4,2003,48
2039,5,2003,48
2040,6,2003,48
2041,7,2003,48
2042,8,2003,48
2043,0,2003,49
2044,1,2003,49
2045,2,2003,49
2046,3,2003,49
2047,4,2003,49
2048,5,2003,49
2049,6,2003,49
2050,7,2003,49
2051,8,2003,49
2052,0,2003,50
2053,1,2003,50
2054,2,2003,50
2055,3,2003,50
2056,4,2003,50
2057,5,2003,50
2058,6,2003,50
2059,7,2003,50
2060,8,2003,50
2061,0,2003,51
2062,1,2003,51
2063,2,2003,51
2064,3,2003,51
2065,4,2003,51
2066,5,2003,51
2067,6,2003,51
2068,7,2003,51
2069,8,2003,51
2070,0,2003,52
2071,1,2003,52
2072,2,2003,52
2073,3,2003,52
2074,4,2003,52
2075,5,2003,52
2076,6,2003,52
2077,7,2003,52
2078,8,2003,52
2079,0,2003,53
2080,1,2003,53
2081,2,2003,53
2082,3,2003,53
2083,4,2003,53
2084,5,2003,53
2085,6,2003,53
2086,7,2003,53
2087,8,2003,53
2088,0,2004,1
2089,1,2004,1
2090,2,2004,1
2091,3,2004,1
2092,4,2004,1
2093,5,2004,1
2094,6,2004,1
2095,7,2004,1
2096,8,2004,1
2097,0,2004,2
2098,1,2004,2
2099,2,2004,2
2100,3,2004,2
2101,4,2004,2
2102,5,2004,2
2103,6,2004,2
2104,7,2004,2
2105,8,2004,2
2106,0,2004,3
2107,1,2004,3
2108,2,2004,3
2109,3,2004,3
2110,4,2004,3
2111,5,2004,3
2112,6,2004,3
2113,7,2004,3
2114,8,2004,3
2115,0,2004,4
2116,1,2004,4
2117,2,2004,4
2118,3,2004,4
2119,4,2004,4
2120,5,2004,4
2121,6,2004,4
2122,7,2004,4
2123,8,2004,4
2124,0,2004,5
2125,1,2004,5
2126,2,2004,5
2127,3,2004,5
2128,4,2004,5
2129,5,2004,5
2130,6,2004,5
2131,7,2004,5
2132,8,2004,5
2133,0,2004,6
2134,1,2004,6
2135,2,2004,6
2136,3,2004,6
2137,4,2004,6
2138,5,2004,6
2139,6,2004,6
2140,7,2004,6
2141,8,2004,6
2142,0,2004,7
2143,1,2004,7
2144,2,2004,7
2145,3,2004,7
2146,4,2004,7
2147,5,2004,7
2148,6,2004,7
2149,7,2004,7
2150,8,2004,7
2151,0,2004,8
2152,1,2004,8
2153,2,2004,8
2154,3,2004,8
2155,4,2004,8
2156,5,2004,8
2157,6,2004,8
2158,7,2004,8
2159,8,2004,8
2160,0,2004,9
2161,1,2004,9
2162,2,2004,9
2163,3,2004,9
2164,4,2004,9
2165,5,2004,9
2166,6,2004,9
2167,7,2004,9
2168,8,2004,9
2169,0,2004,10
2170,1,2004,10
2171,2,2004,10
2172,3,2004,10
2173,4,2004,10
2174,5,2004,10
2175,6,2004,10
2176,7,2004,10
2177,8,2004,10
2178,0,2004,11
2179,1,2004,11
2180,2,2004,11
2181,3,2004,11
2182,4,2004,11
2183,5,2004,11
2184,6,2004,11
2185,7,2004,11
2186,8,2004,11
2187,0,2004,12
2188,1,2004,12
2189,2,2004,12
2190,3,2004,12
2191,4,2004,12
2192,5,2004,12
2193,6,2004,12
2194,7,2004,12
2195,8,2004,12
2196,0,2004,13
2197,1,2004,13
2198,2,2004,13
2199,3,2004,13
2200,4,2004,13
2201,5,2004,13
2202,6,2004,13
2203,7,2004,13
2204,8,2004,13
2205,0,2004,14
2206,1,2004,14
2207,2,2004,14
2208,3,2004,14
2209,4,2004,14
2210,5,2004,14
2211,6,2004,14
2212,7,2004,14
2213,8,2004,14
2214,0,2004,15
2215,1,2004,15
2216,2,2004,15
2217,3,2004,15
2218,4,2004,15
2219,5,2004,15
2220,6,2004,15
2221,7,2004,15
2222,8,2004,15
2223,0,2004,16
2224,1,2004,16
2225,2,2004,16
2226,3,2004,16
2227,4,2004,16
2228,5,2004,16
2229,6,2004,16
2230,7,2004,16
2231,8,2004,16
2232,0,2004,17
2233,1,2004,17
2234,2,2004,17
2235,3,2004,17
2236,4,2004,17
2237,5,2004,17
2238,6,2004,17
2239,7,2004,17
2240,8,2004,17
2241,0,2004,18
2242,1,2004,18
2243,2,2004,18
2244,3,2004,18
2245,4,2004,18
2246,5,2004,18
2247,6,2004,18
2248,7,2004,18
2249,8,2004,18
2250,0,2004,19
2251,1,2004,19
2252,2,2004,19
2253,3,2004,19
2254,4,2004,19
2255,5,2004,19
2256,6,2004,19
2257,7,2004,19
2258,8,2004,19
2259,0,2004,20
2260,1,2004,20
2261,2,2004,20
2262,3,2004,20
2263,4,2004,20
2264,5,2004,20
2265,6,2004,20
2266,7,2004,20
2267,8,2004,20
2268,0,2004,21
2269,1,2004,21
2270,2,2004,21
2271,3,2004,21
2272,4,2004,21
2273,5,2004,21
2274,6,2004,21
2275,7,2004,21
2276,8,2004,21
2277,0,2004,22
2278,1,2004,22
2279,2,2004,22
2280,3,2004,22
2281,4,2004,22
2282,5,2004,22
2283,6,2004,22
2284,7,2004,22
2285,8,2004,22
2286,0,2004,23
2287,1,2004,23
2288,2,2004,23
2289,3,2004,23
2290,4,2004,23
2291,5,2004,23
2292,6,2004,23
2293,7,2004,23
2294,8,2004,23
2295,0,2004,24
2296,1,2004,24
2297,2,2004,24
2298,3,2004,24
2299,4,2004,24
2300,5,2004,24
2301,6,2004,24
2302,7,2004,24
2303,8,2004,24
2304,0,2004,25
2305,1,2004,25
2306,2,2004,25
2307,3,2004,25
2308,4,2004,25
2309,5,2004,25
2310,6,2004,25
2311,7,2004,25
2312,8,2004,25
2313,0,2004,26
2314,1,2004,26
2315,2,2004,26
2316,3,2004,26
2317,4,2004,26
2318,5,2004,26
2319,6,2004,26
2320,7,2004,26
2321,8,2004,26
2322,0,2004,27
2323,1,2004,27
2324,2,2004,27
2325,3,2004,27
2326,4,2004,27
2327,5,2004,27
2328,6,2004,27
2329,7,2004,27
2330,8,2004,27
2331,0,2004,28
2332,1,2004,28
2333,2,2004,28
2334,3,2004,28
2335,4,2004,28
2336,5,2004,28
2337,6,2004,28
2338,7,2004,28
2339,8,2004,28
2340,0,2004,29
2341,1,2004,29
2342,2,2004,29
2343,3,2004,29
2344,4,2004,29
2345,5,2004,29
2346,6,2004,29
2347,7,2004,29
2348,8,2004,29
2349,0,2004,30
2350,1,2004,30
2351,2,2004,30
2352,3,2004,30
2353,4,2004,30
2354,5,2004,30
2355,6,2004,30
2356,7,2004,30
2357,8,2004,30
2358,0,2004,31
2359,1,2004,31
2360,2,2004,31
2361,3,2004,31
2362,4,2004,31
2363,5,2004,31
2364,6,2004,31
2365,7,2004,31
2366,8,2004,31
2367,0,2004,32
2368,1,2004,32
2369,2,2004,32
2370,3,2004,32
2371,4,2004,32
2372,5,2004,32
2373,6,2004,32
2374,7,2004,32
2375,8,2004,32
2376,0,2004,33
2377,1,2004,33
2378,2,2004,33
2379,3,2004,33
2380,4,2004,33
2381,5,2004,33
2382,6,2004,33
2383,7,2004,33
2384,8,2004,33
2385,0,2004,34
2386,1,2004,34
2387,2,2004,34
2388,3,2004,34
2389,4,2004,34
2390,5,2004,34
2391,6,2004,34
2392,7,2004,34
2393,8,2004,34
2394,0,2004,35
2395,1,2004,35
2396,2,2004,35
2397,3,2004,35
2398,4,2004,35
2399,5,2004,35
2400,6,2004,35
2401,7,2004,35
2402,8,2004,35
2403,0,2004,36
2404,1,2004,36
2405,2,2004,36
2406,3,2004,36
2407,4,2004,36
2408,5,2004,36
2409,6,2004,36
2410,7,2004,36
2411,8,2004,36
2412,0,2004,37
2413,1,2004,37
2414,2,2004,37
2415,3,2004,37
2416,4,2004,37
2417,5,2004,37
2418,6,2004,37
2419,7,2004,37
2420,8,2004,37
2421,0,2004,38
2422,1,2004,38
2423,2,2004,38
2424,3,2004,38
2425,4,2004,38
2426,5,2004,38
2427,6,2004,38
2428,7,2004,38
2429,8,2004,38
2430,0,2004,39
2431,1,2004,39
2432,2,2004,39
2433,3,2004,39
2434,4,2004,39
2435,5,2004,39
2436,6,2004,39
2437,7,2004,39
2438,8,2004,39
2439,0,2004,40
2440,1,2004,40
2441,2,2004,40
2442,3,2004,40
2443,4,2004,40
2444,5,2004,40
2445,6,2004,40
2446,7,2004,40
2447,8,2004,40
2448,0,2004,41
2449,1,2004,41
2450,2,2004,41
2451,3,2004,41
2452,4,2004,41
2453,5,2004,41
2454,6,2004,41
2455,7,2004,41
2456,8,2004,41
2457,0,2004,42
2458,1,2004,42
2459,2,2004,42
2460,3,2004,42
2461,4,2004,42
2462,5,2004,42
2463,6,2004,42
2464,7,2004,42
2465,8,2004,42
2466,0,2004,43
2467,1,2004,43
2468,2,2004,43
2469,3,2004,43
2470,4,2004,43
2471,5,2004,43
2472,6,2004,43
2473,7,2004,43
2474,8,2004,43
2475,0,2004,44
2476,1,2004,44
2477,2,2004,44
2478,3,2004,44
2479,4,2004,44
2480,5,2004,44
2481,6,2004,44
2482,7,2004,44
2483,8,2004,44
2484,0,2004,45
2485,1,2004,45
2486,2,2004,45
2487,3,2004,45
2488,4,2004,45
2489,5,2004,45
2490,6,2004,45
2491,7,2004,45
2492,8,2004,45
2493,0,2004,46
2494,1,2004,46
2495,2,2004,46
2496,3,2004,46
2497,4,2004,46
2498,5,2004,46
2499,6,2004,46
2500,7,2004,46
2501,8,2004,46
2502,0,2004,47
2503,1,2004,47
2504,2,2004,47
2505,3,2004,47
2506,4,2004,47
2507,5,2004,47
2508,6,2004,47
2509,7,2004,47
2510,8,2004,47
2511,0,2004,48
2512,1,2004,48
2513,2,2004,48
2514,3,2004,48
2515,4,2004,48
2516,5,2004,48
2517,6,2004,48
2518,7,2004,48
2519,8,2004,48
2520,0,2004,49
2521,1,2004,49
2522,2,2004,49
2523,3,2004,49
2524,4,2004,49
2525,5,2004,49
2526,6,2004,49
2527,7,2004,49
2528,8,2004,49
2529,0,2004,50
2530,1,2004,50
2531,2,2004,50
2532,3,2004,50
2533,4,2004,50
2534,5,2004,50
2535,6,2004,50
2536,7,2004,50
2537,8,2004,50
2538,0,2004,51
2539,1,2004,51
2540,2,2004,51
2541,3,2004,51
2542,4,2004,51
2543,5,2004,51
2544,6,2004,51
2545,7,2004,51
2546,8,2004,51
2547,0,2004,52
2548,1,2004,52
2549,2,2004,52
2550,3,2004,52
2551,4,2004,52
2552,5,2004,52
2553,6,2004,52
2554,7,2004,52
2555,8,2004,52
2556,0,2005,1
2557,1,2005,1
2558,2,2005,1
2559,3,2005,1
2560,4,2005,1
2561,5,2005,1
2562,6,2005,1
2563,7,2005,1
2564,8,2005,1
2565,0,2005,2
2566,1,2005,2
2567,2,2005,2
2568,3,2005,2
2569,4,2005,2
2570,5,2005,2
2571,6,2005,2
2572,7,2005,2
2573,8,2005,2
2574,0,2005,3
2575,1,2005,3
2576,2,2005,3
2577,3,2005,3
2578,4,2005,3
2579,5,2005,3
2580,6,2005,3
2581,7,2005,3
2582,8,2005,3
2583,0,2005,4
2584,1,2005,4
2585,2,2005,4
2586,3,2005,4
2587,4,2005,4
2588,5,2005,4
2589,6,2005,4
2590,7,2005,4
2591,8,2005,4
2592,0,2005,5
2593,1,2005,5
2594,2,2005,5
2595,3,2005,5
2596,4,2005,5
2597,5,2005,5
2598,6,2005,5
2599,7,2005,5
2600,8,2005,5
2601,0,2005,6
2602,1,2005,6
2603,2,2005,6
2604,3,2005,6
2605,4,2005,6
2606,5,2005,6
2607,6,2005,6
2608,7,2005,6
2609,8,2005,6
2610,0,2005,7
2611,1,2005,7
2612,2,2005,7
2613,3,2005,7
2614,4,2005,7
2615,5,2005,7
2616,6,2005,7
2617,7,2005,7
2618,8,2005,7
2619,0,2005,8
2620,1,2005,8
2621,2,2005,8
2622,3,2005,8
2623,4,2005,8
2624,5,2005,8
2625,6,2005,8
2626,7,2005,8
2627,8,2005,8
2628,0,2005,9
2629,1,2005,9
2630,2,2005,9
2631,3,2005,9
2632,4,2005,9
2633,5,2005,9
2634,6,2005,9
2635,7,2005,9
2636,8,2005,9
2637,0,2005,10
2638,1,2005,10
2639,2,2005,10
2640,3,2005,10
2641,4,2005,10
2642,5,2005,10
2643,6,2005,10
2644,7,2005,10
2645,8,2005,10
2646,0,2005,11
2647,1,2005,11
2648,2,2005,11
2649,3,2005,11
2650,4,2005,11
2651,5,2005,11
2652,6,2005,11
2653,7,2005,11
2654,8,2005,11
2655,0,2005,12
2656,1,2005,12
2657,2,2005,12
2658,3,2005,12
2659,4,2005,12
2660,5,2005,12
2661,6,2005,12
2662,7,2005,12
2663,8,2005,12
2664,0,2005,13
2665,1,2005,13
2666,2,2005,13
2667,3,2005,13
2668,4,2005,13
2669,5,2005,13
2670,6,2005,13
2671,7,2005,13
2672,8,2005,13
2673,0,2005,14
2674,1,2005,14
2675,2,2005,14
2676,3,2005,14
2677,4,2005,14
2678,5,2005,14
2679,6,2005,14
2680,7,2005,14
2681,8,2005,14
2682,0,2005,15
2683,1,2005,15
2684,2,2005,15
2685,3,2005,15
2686,4,2005,15
2687,5,2005,15
2688,6,2005,15
2689,7,2005,15
2690,8,2005,15
2691,0,2005,16
2692,1,2005,16
2693,2,2005,16
2694,3,2005,16
2695,4,2005,16
2696,5,2005,16
2697,6,2005,16
2698,7,2005,16
2699,8,2005,16
2700,0,2005,17
2701,1,2005,17
2702,2,2005,17
2703,3,2005,17
2704,4,2005,17
2705,5,2005,17
2706,6,2005,17
2707,7,2005,17
2708,8,2005,17
2709,0,2005,18
2710,1,2005,18
2711,2,2005,18
2712,3,2005,18
2713,4,2005,18
2714,5,2005,18
2715,6,2005,18
2716,7,2005,18
2717,8,2005,18
2718,0,2005,19
2719,1,2005,19
2720,2,2005,19
2721,3,2005,19
2722,4,2005,19
2723,5,2005,19
2724,6,2005,19
2725,7,2005,19
2726,8,2005,19
2727,0,2005,20
2728,1,2005,20
2729,2,2005,20
2730,3,2005,20
2731,4,2005,20
2732,5,2005,20
2733,6,2005,20
2734,7,2005,20
2735,8,2005,20
2736,0,2005,21
2737,1,2005,21
2738,2,2005,21
2739,3,2005,21
2740,4,2005,21
2741,5,2005,21
2742,6,2005,21
2743,7,2005,21
2744,8,2005,21
2745,0,2005,22
2746,1,2005,22
2747,2,2005,22
2748,3,2005,22
2749,4,2005,22
2750,5,2005,22
2751,6,2005,22
2752,7,2005,22
2753,8,2005,22
2754,0,2005,23
2755,1,2005,23
2756,2,2005,23
2757,3,2005,23
2758,4,2005,23
2759,5,2005,23
2760,6,2005,23
2761,7,2005,23
2762,8,2005,23
2763,0,2005,24
2764,1,2005,24
2765,2,2005,24
2766,3,2005,24
2767,4,2005,24
2768,5,2005,24
2769,6,2005,24
2770,7,2005,24
2771,8,2005,24
2772,0,2005,25
2773,1,2005,25
2774,2,2005,25
2775,3,2005,25
2776,4,2005,25
2777,5,2005,25
2778,6,2005,25
2779,7,2005,25
2780,8,2005,25
2781,0,2005,26
2782,1,2005,26
2783,2,2005,26
2784,3,2005,26
2785,4,2005,26
2786,5,2005,26
2787,6,2005,26
2788,7,2005,26
2789,8,2005,26
2790,0,2005,27
2791,1,2005,27
2792,2,2005,27
2793,3,2005,27
2794,4,2005,27
2795,5,2005,27
2796,6,2005,27
2797,7,2005,27
2798,8,2005,27
2799,0,2005,28
2800,1,2005,28
2801,2,2005,28
2802,3,2005,28
2803,4,2005,28
2804,5,2005,28
2805,6,2005,28
2806,7,2005,28
2807,8,2005,28
2808,0,2005,29
2809,1,2005,29
2810,2,2005,29
2811,3,2005,29
2812,4,2005,29
2813,5,2005,29
2814,6,2005,29
2815,7,2005,29
2816,8,2005,29
2817,0,2005,30
2818,1,2005,30
2819,2,2005,30
2820,3,2005,30
2821,4,2005,30
2822,5,2005,30
2823,6,2005,30
2824,7,2005,30
2825,8,2005,30
2826,0,2005,31
2827,1,2005,31
2828,2,2005,31
2829,3,2005,31
2830,4,2005,31
2831,5,2005,31
2832,6,2005,31
2833,7,2005,31
2834,8,2005,31
2835,0,2005,32
2836,1,2005,32
2837,2,2005,32
2838,3,2005,32
2839,4,2005,32
2840,5,2005,32
2841,6,2005,32
2842,7,2005,32
2843,8,2005,32
2844,0,2005,33
2845,1,2005,33
2846,2,2005,33
2847,3,2005,33
2848,4,2005,33
2849,5,2005,33
2850,6,2005,33
2851,7,2005,33
2852,8,2005,33
2853,0,2005,34
2854,1,2005,34
2855,2,2005,34
2856,3,2005,34
2857,4,2005,34
2858,5,2005,34
2859,6,2005,34
2860,7,2005,34
2861,8,2005,34
2862,0,2005,35
2863,1,2005,35
2864,2,2005,35
2865,3,2005,35
2866,4,2005,35
2867,5,2005,35
2868,6,2005,35
2869,7,2005,35
2870,8,2005,35
2871,0,2005,36
2872,1,2005,36
2873,2,2005,36
2874,3,2005,36
2875,4,2005,36
2876,5,2005,36
2877,6,2005,36
2878,7,2005,36
2879,8,2005,36
2880,0,2005,37
2881,1,2005,37
2882,2,2005,37
2883,3,2005,37
2884,4,2005,37
2885,5,2005,37
2886,6,2005,37
2887,7,2005,37
2888,8,2005,37
2889,0,2005,38
2890,1,2005,38
2891,2,2005,38
2892,3,2005,38
2893,4,2005,38
2894,5,2005,38
2895,6,2005,38
2896,7,2005,38
2897,8,2005,38
2898,0,2005,39
2899,1,2005,39
2900,2,2005,39
2901,3,2005,39
2902,4,2005,39
2903,5,2005,39
2904,6,2005,39
2905,7,2005,39
2906,8,2005,39
2907,0,2005,40
2908,1,2005,40
2909,2,2005,40
2910,3,2005,40
2911,4,2005,40
2912,5,2005,40
2913,6,2005,40
2914,7,2005,40
2915,8,2005,40
2916,0,2005,41
2917,1,2005,41
2918,2,2005,41
2919,3,2005,41
2920,4,2005,41
2921,5,2005,41
2922,6,2005,41
2923,7,2005,41
2924,8,2005,41
2925,0,2005,42
2926,1,2005,42
2927,2,2005,42
2928,3,2005,42
2929,4,2005,42
2930,5,2005,42
2931,6,2005,42
2932,7,2005,42
2933,8,2005,42
2934,0,2005,43
2935,1,2005,43
2936,2,2005,43
2937,3,2005,43
2938,4,2005,43
2939,5,2005,43
2940,6,2005,43
2941,7,2005,43
2942,8,2005,43
2943,0,2005,44
2944,1,2005,44
2945,2,2005,44
2946,3,2005,44
2947,4,2005,44
2948,5,2005,44
2949,6,2005,44
2950,7,2005,44
2951,8,2005,44
2952,0,2005,45
2953,1,2005,45
2954,2,2005,45
2955,3,2005,45
2956,4,2005,45
2957,5,2005,45
2958,6,2005,45
2959,7,2005,45
2960,8,2005,45
2961,0,2005,46
2962,1,2005,46
2963,2,2005,46
2964,3,2005,46
2965,4,2005,46
2966,5,2005,46
2967,6,2005,46
2968,7,2005,46
2969,8,2005,46
2970,0,2005,47
2971,1,2005,47
2972,2,2005,47
2973,3,2005,47
2974,4,2005,47
2975,5,2005,47
2976,6,2005,47
2977,7,2005,47
2978,8,2005,47
2979,0,2005,48
2980,1,2005,48
2981,2,2005,48
2982,3,2005,48
2983,4,2005,48
2984,5,2005,48
2985,6,2005,48
2986,7,2005,48
2987,8,2005,48
2988,0,2005,49
2989,1,2005,49
2990,2,2005,49
2991,3,2005,49
2992,4,2005,49
2993,5,2005,49
2994,6,2005,49
2995,7,2005,49
2996,8,2005,49
2997,0,2005,50
2998,1,2005,50
2999,2,2005,50
3000,3,2005,50
3001,4,2005,50
3002,5,2005,50
3003,6,2005,50
3004,7,2005,50
3005,8,2005,50
3006,0,2005,51
3007,1,2005,51
3008,2,2005,51
3009,3,2005,51
3010,4,2005,51
3011,5,2005,51
3012,6,2005,51
3013,7,2005,51
3014,8,2005,51
3015,0,2005,52
3016,1,2005,52
3017,2,2005,52
3018,3,2005,52
3019,4,2005,52
3020,5,2005,52
3021,6,2005,52
3022,7,2005,52
3023,8,2005,52
3024,0,2006,1
3025,1,2006,1
3026,2,2006,1
3027,3,2006,1
3028,4,2006,1
3029,5,2006,1
3030,6,2006,1
3031,7,2006,1
3032,8,2006,1
3033,0,2006,2
3034,1,2006,2
3035,2,2006,2
3036,3,2006,2
3037,4,2006,2
3038,5,2006,2
3039,6,2006,2
3040,7,2006,2
3041,8,2006,2
3042,0,2006,3
3043,1,2006,3
3044,2,2006,3
3045,3,2006,3
3046,4,2006,3
3047,5,2006,3
3048,6,2006,3
3049,7,2006,3
3050,8,2006,3
3051,0,2006,4
3052,1,2006,4
3053,2,2006,4
3054,3,2006,4
3055,4,2006,4
3056,5,2006,4
3057,6,2006,4
3058,7,2006,4
3059,8,2006,4
3060,0,2006,5
3061,1,2006,5
3062,2,2006,5
3063,3,2006,5
3064,4,2006,5
3065,5,2006,5
3066,6,2006,5
3067,7,2006,5
3068,8,2006,5
3069,0,2006,6
3070,1,2006,6
3071,2,2006,6
3072,3,2006,6
3073,4,2006,6
3074,5,2006,6
3075,6,2006,6
3076,7,2006,6
3077,8,2006,6
3078,0,2006,7
3079,1,2006,7
3080,2,2006,7
3081,3,2006,7
3082,4,2006,7
3083,5,2006,7
3084,6,2006,7
3085,7,2006,7
3086,8,2006,7
3087,0,2006,8
3088,1,2006,8
3089,2,2006,8
3090,3,2006,8
3091,4,2006,8
3092,5,2006,8
3093,6,2006,8
3094,7,2006,8
3095,8,2006,8
3096,0,2006,9
3097,1,2006,9
3098,2,2006,9
3099,3,2006,9
3100,4,2006,9
3101,5,2006,9
3102,6,2006,9
3103,7,2006,9
3104,8,2006,9
3105,0,2006,10
3106,1,2006,10
3107,2,2006,10
3108,3,2006,10
3109,4,2006,10
3110,5,2006,10
3111,6,2006,10
3112,7,2006,10
3113,8,2006,10
3114,0,2006,11
3115,1,2006,11
3116,2,2006,11
3117,3,2006,11
3118,4,2006,11
3119,5,2006,11
3120,6,2006,11
3121,7,2006,11
3122,8,2006,11
3123,0,2006,12
3124,1,2006,12
3125,2,2006,12
3126,3,2006,12
3127,4,2006,12
3128,5,2006,12
3129,6,2006,12
3130,7,2006,12
3131,8,2006,12
3132,0,2006,13
3133,1,2006,13
3134,2,2006,13
3135,3,2006,13
3136,4,2006,13
3137,5,2006,13
3138,6,2006,13
3139,7,2006,13
3140,8,2006,13
3141,0,2006,14
3142,1,2006,14
3143,2,2006,14
3144,3,2006,14
3145,4,2006,14
3146,5,2006,14
3147,6,2006,14
3148,7,2006,14
3149,8,2006,14
3150,0,2006,15
3151,1,2006,15
3152,2,2006,15
3153,3,2006,15
3154,4,2006,15
3155,5,2006,15
3156,6,2006,15
3157,7,2006,15
3158,8,2006,15
3159,0,2006,16
3160,1,2006,16
3161,2,2006,16
3162,3,2006,16
3163,4,2006,16
3164,5,2006,16
3165,6,2006,16
3166,7,2006,16
3167,8,2006,16
3168,0,2006,17
3169,1,2006,17
3170,2,2006,17
3171,3,2006,17
3172,4,2006,17
3173,5,2006,17
3174,6,2006,17
3175,7,2006,17
3176,8,2006,17
3177,0,2006,18
3178,1,2006,18
3179,2,2006,18
3180,3,2006,18
3181,4,2006,18
3182,5,2006,18
3183,6,2006,18
3184,7,2006,18
3185,8,2006,18
3186,0,2006,19
3187,1,2006,19
3188,2,2006,19
3189,3,2006,19
3190,4,2006,19
3191,5,2006,19
3192,6,2006,19
3193,7,2006,19
3194,8,2006,19
3195,0,2006,20
3196,1,2006,20
3197,2,2006,20
3198,3,2006,20
3199,4,2006,20
3200,5,2006,20
3201,6,2006,20
3202,7,2006,20
3203,8,2006,20
3204,0,2006,21
3205,1,2006,21
3206,2,2006,21
3207,3,2006,21
3208,4,2006,21
3209,5,2006,21
3210,6,2006,21
3211,7,2006,21
3212,8,2006,21
3213,0,2006,22
3214,1,2006,22
3215,2,2006,22
3216,3,2006,22
3217,4,2006,22
3218,5,2006,22
3219,6,2006,22
3220,7,2006,22
3221,8,2006,22
3222,0,2006,23
3223,1,2006,23
3224,2,2006,23
3225,3,2006,23
3226,4,2006,23
3227,5,2006,23
3228,6,2006,23
3229,7,2006,23
3230,8,2006,23
3231,0,2006,24
3232,1,2006,24
3233,2,2006,24
3234,3,2006,24
3235,4,2006,24
3236,5,2006,24
3237,6,2006,24
3238,7,2006,24
3239,8,2006,24
3240,0,2006,25
3241,1,2006,25
3242,2,2006,25
3243,3,2006,25
3244,4,2006,25
3245,5,2006,25
3246,6,2006,25
3247,7,2006,25
3248,8,2006,25
3249,0,2006,26
3250,1,2006,26
3251,2,2006,26
3252,3,2006,26
3253,4,2006,26
3254,5,2006,26
3255,6,2006,26
3256,7,2006,26
3257,8,2006,26
3258,0,2006,27
3259,1,2006,27
3260,2,2006,27
3261,3,2006,27
3262,4,2006,27
3263,5,2006,27
3264,6,2006,27
3265,7,2006,27
3266,8,2006,27
3267,0,2006,28
3268,1,2006,28
3269,2,2006,28
3270,3,2006,28
3271,4,2006,28
3272,5,2006,28
3273,6,2006,28
3274,7,2006,28
3275,8,2006,28
3276,0,2006,29
3277,1,2006,29
3278,2,2006,29
3279,3,2006,29
3280,4,2006,29
3281,5,2006,29
3282,6,2006,29
3283,7,2006,29
3284,8,2006,29
3285,0,2006,30
3286,1,2006,30
3287,2,2006,30
3288,3,2006,30
3289,4,2006,30
3290,5,2006,30
3291,6,2006,30
3292,7,2006,30
3293,8,2006,30
3294,0,2006,31
3295,1,2006,31
3296,2,2006,31
3297,3,2006,31
3298,4,2006,31
3299,5,2006,31
3300,6,2006,31
3301,7,2006,31
3302,8,2006,31
3303,0,2006,32
3304,1,2006,32
3305,2,2006,32
3306,3,2006,32
3307,4,2006,32
3308,5,2006,32
3309,6,2006,32
3310,7,2006,32
3311,8,2006,32
3312,0,2006,33
3313,1,2006,33
3314,2,2006,33
3315,3,2006,33
3316,4,2006,33
3317,5,2006,33
3318,6,2006,33
3319,7,2006,33
3320,8,2006,33
3321,0,2006,34
3322,1,2006,34
3323,2,2006,34
3324,3,2006,34
3325,4,2006,34
3326,5,2006,34
3327,6,2006,34
3328,7,2006,34
3329,8,2006,34
3330,0,2006,35
3331,1,2006,35
3332,2,2006,35
3333,3,2006,35
3334,4,2006,35
3335,5,2006,35
3336,6,2006,35
3337,7,2006,35
3338,8,2006,35
3339,0,2006,36
3340,1,2006,36
3341,2,2006,36
3342,3,2006,36
3343,4,2006,36
3344,5,2006,36
3345,6,2006,36
3346,7,2006,36
3347,8,2006,36
3348,0,2006,37
3349,1,2006,37
3350,2,2006,37
3351,3,2006,37
3352,4,2006,37
3353,5,2006,37
3354,6,2006,37
3355,7,2006,37
3356,8,2006,37
3357,0,2006,38
3358,1,2006,38
3359,2,2006,38
3360,3,2006,38
3361,4,2006,38
3362,5,2006,38
3363,6,2006,38
3364,7,2006,38
3365,8,2006,38
3366,0,2006,39
3367,1,2006,39
3368,2,2006,39
3369,3,2006,39
3370,4,2006,39
3371,5,2006,39
3372,6,2006,39
3373,7,2006,39
3374,8,2006,39
3375,0,2006,40
3376,1,2006,40
3377,2,2006,40
3378,3,2006,40
3379,4,2006,40
3380,5,2006,40
3381,6,2006,40
3382,7,2006,40
3383,8,2006,40
3384,0,2006,41
3385,1,2006,41
3386,2,2006,41
3387,3,2006,41
3388,4,2006,41
3389,5,2006,41
3390,6,2006,41
3391,7,2006,41
3392,8,2006,41
3393,0,2006,42
3394,1,2006,42
3395,2,2006,42
3396,3,2006,42
3397,4,2006,42
3398,5,2006,42
3399,6,2006,42
3400,7,2006,42
3401,8,2006,42
3402,0,2006,43
3403,1,2006,43
3404,2,2006,43
3405,3,2006,43
3406,4,2006,43
3407,5,2006,43
3408,6,2006,43
3409,7,2006,43
3410,8,2006,43
3411,0,2006,44
3412,1,2006,44
3413,2,2006,44
3414,3,2006,44
3415,4,2006,44
3416,5,2006,44
3417,6,2006,44
3418,7,2006,44
3419,8,2006,44
3420,0,2006,45
3421,1,2006,45
3422,2,2006,45
3423,3,2006,45
3424,4,2006,45
3425,5,2006,45
3426,6,2006,45
3427,7,2006,45
3428,8,2006,45
3429,0,2006,46
3430,1,2006,46
3431,2,2006,46
3432,3,2006,46
3433,4,2006,46
3434,5,2006,46
3435,6,2006,46
3436,7,2006,46
3437,8,2006,46
3438,0,2006,47
3439,1,2006,47
3440,2,2006,47
3441,3,2006,47
3442,4,2006,47
3443,5,2006,47
3444,6,2006,47
3445,7,2006,47
3446,8,2006,47
3447,0,2006,48
3448,1,2006,48
3449,2,2006,48
3450,3,2006,48
3451,4,2006,48
3452,5,2006,48
3453,6,2006,48
3454,7,2006,48
3455,8,2006,48
3456,0,2006,49
3457,1,2006,49
3458,2,2006,49
3459,3,2006,49
3460,4,2006,49
3461,5,2006,49
3462,6,2006,49
3463,7,2006,49
3464,8,2006,49
3465,0,2006,50
3466,1,2006,50
3467,2,2006,50
3468,3,2006,50
3469,4,2006,50
3470,5,2006,50
3471,6,2006,50
3472,7,2006,50
3473,8,2006,50
3474,0,2006,51
3475,1,2006,51
3476,2,2006,51
3477,3,2006,51
3478,4,2006,51
3479,5,2006,51
3480,6,2006,51
3481,7,2006,51
3482,8,2006,51
3483,0,2006,52
3484,1,2006,52
3485,2,2006,52
3486,3,2006,52
3487,4,2006,52
3488,5,2006,52
3489,6,2006,52
3490,7,2006,52
3491,8,2006,52
3492,0,2007,1
3493,1,2007,1
3494,2,2007,1
3495,3,2007,1
3496,4,2007,1
3497,5,2007,1
3498,6,2007,1
3499,7,2007,1
3500,8,2007,1
3501,0,2007,2
3502,1,2007,2
3503,2,2007,2
3504,3,2007,2
3505,4,2007,2
3506,5,2007,2
3507,6,2007,2
3508,7,2007,2
3509,8,2007,2
3510,0,2007,3
3511,1,2007,3
3512,2,2007,3
3513,3,2007,3
3514,4,2007,3
3515,5,2007,3
3516,6,2007,3
3517,7,2007,3
3518,8,2007,3
3519,0,2007,4
3520,1,2007,4
3521,2,2007,4
3522,3,2007,4
3523,4,2007,4
3524,5,2007,4
3525,6,2007,4
3526,7,2007,4
3527,8,2007,4
3528,0,2007,5
3529,1,2007,5
3530,2,2007,5
3531,3,2007,5
3532,4,2007,5
3533,5,2007,5
3534,6,2007,5
3535,7,2007,5
3536,8,2007,5
3537,0,2007,6
3538,1,2007,6
3539,2,2007,6
3540,3,2007,6
3541,4,2007,6
3542,5,2007,6
3543,6,2007,6
3544,7,2007,6
3545,8,2007,6
3546,0,2007,7
3547,1,2007,7
3548,2,2007,7
3549,3,2007,7
3550,4,2007,7
3551,5,2007,7
3552,6,2007,7
3553,7,2007,7
3554,8,2007,7
3555,0,2007,8
3556,1,2007,8
3557,2,2007,8
3558,3,2007,8
3559,4,2007,8
3560,5,2007,8
3561,6,2007,8
3562,7,2007,8
3563,8,2007,8
3564,0,2007,9
3565,1,2007,9
3566,2,2007,9
3567,3,2007,9
3568,4,2007,9
3569,5,2007,9
3570,6,2007,9
3571,7,2007,9
3572,8,2007,9
3573,0,2007,10
3574,1,2007,10
3575,2,2007,10
3576,3,2007,10
3577,4,2007,10
3578,5,2007,10
3579,6,2007,10
3580,7,2007,10
3581,8,2007,10
3582,0,2007,11
3583,1,2007,11
3584,2,2007,11
3585,3,2007,11
3586,4,2007,11
3587,5,2007,11
3588,6,2007,11
3589,7,2007,11
3590,8,2007,11
3591,0,2007,12
3592,1,2007,12
3593,2,2007,12
3594,3,2007,12
3595,4,2007,12
3596,5,2007,12
3597,6,2007,12
3598,7,2007,12
3599,8,2007,12
3600,0,2007,13
3601,1,2007,13
3602,2,2007,13
3603,3,2007,13
3604,4,2007,13
3605,5,2007,13
3606,6,2007,13
3607,7,2007,13
3608,8,2007,13
3609,0,2007,14
3610,1,2007,14
3611,2,2007,14
3612,3,2007,14
3613,4,2007,14
3614,5,2007,14
3615,6,2007,14
3616,7,2007,14
3617,8,2007,14
3618,0,2007,15
3619,1,2007,15
3620,2,2007,15
3621,3,2007,15
3622,4,2007,15
3623,5,2007,15
3624,6,2007,15
3625,7,2007,15
3626,8,2007,15
3627,0,2007,16
3628,1,2007,16
3629,2,2007,16
3630,3,2007,16
3631,4,2007,16
3632,5,2007,16
3633,6,2007,16
3634,7,2007,16
3635,8,2007,16
3636,0,2007,17
3637,1,2007,17
3638,2,2007,17
3639,3,2007,17
3640,4,2007,17
3641,5,2007,17
3642,6,2007,17
3643,7,2007,17
3644,8,2007,17
3645,0,2007,18
3646,1,2007,18
3647,2,2007,18
3648,3,2007,18
3649,4,2007,18
3650,5,2007,18
3651,6,2007,18
3652,7,2007,18
3653,8,2007,18
3654,0,2007,19
3655,1,2007,19
3656,2,2007,19
3657,3,2007,19
3658,4,2007,19
3659,5,2007,19
3660,6,2007,19
3661,7,2007,19
3662,8,2007,19
3663,0,2007,20
3664,1,2007,20
3665,2,2007,20
3666,3,2007,20
3667,4,2007,20
3668,5,2007,20
3669,6,2007,20
3670,7,2007,20
3671,8,2007,20
3672,0,2007,21
3673,1,2007,21
3674,2,2007,21
3675,3,2007,21
3676,4,2007,21
3677,5,2007,21
3678,6,2007,21
3679,7,2007,21
3680,8,2007,21
3681,0,2007,22
3682,1,2007,22
3683,2,2007,22
3684,3,2007,22
3685,4,2007,22
3686,5,2007,22
3687,6,2007,22
3688,7,2007,22
3689,8,2007,22
3690,0,2007,23
3691,1,2007,23
3692,2,2007,23
3693,3,2007,23
3694,4,2007,23
3695,5,2007,23
3696,6,2007,23
3697,7,2007,23
3698,8,2007,23
3699,0,2007,24
3700,1,2007,24
3701,2,2007,24
3702,3,2007,24
3703,4,2007,24
3704,5,2007,24
3705,6,2007,24
3706,7,2007,24
3707,8,2007,24
3708,0,2007,25
3709,1,2007,25
3710,2,2007,25
3711,3,2007,25
3712,4,2007,25
3713,5,2007,25
3714,6,2007,25
3715,7,2007,25
3716,8,2007,25
3717,0,2007,26
3718,1,2007,26
3719,2,2007,26
3720,3,2007,26
3721,4,2007,26
3722,5,2007,26
3723,6,2007,26
3724,7,2007,26
3725,8,2007,26
3726,0,2007,27
3727,1,2007,27
3728,2,2007,27
3729,3,2007,27
3730,4,2007,27
3731,5,2007,27
3732,6,2007,27
3733,7,2007,27
3734,8,2007,27
3735,0,2007,28
3736,1,2007,28
3737,2,2007,28
3738,3,2007,28
3739,4,2007,28
3740,5,2007,28
3741,6,2007,28
3742,7,2007,28
3743,8,2007,28
3744,0,2007,29
3745,1,2007,29
3746,2,2007,29
3747,3,2007,29
3748,4,2007,29
3749,5,2007,29
3750,6,2007,29
3751,7,2007,29
3752,8,2007,29
3753,0,2007,30
3754,1,2007,30
3755,2,2007,30
3756,3,2007,30
3757,4,2007,30
3758,5,2007,30
3759,6,2007,30
3760,7,2007,30
3761,8,2007,30
3762,0,2007,31
3763,1,2007,31
3764,2,2007,31
3765,3,2007,31
3766,4,2007,31
3767,5,2007,31
3768,6,2007,31
3769,7,2007,31
3770,8,2007,31
3771,0,2007,32
3772,1,2007,32
3773,2,2007,32
3774,3,2007,32
3775,4,2007,32
3776,5,2007,32
3777,6,2007,32
3778,7,2007,32
3779,8,2007,32
3780,0,2007,33
3781,1,2007,33
3782,2,2007,33
3783,3,2007,33
3784,4,2007,33
3785,5,2007,33
3786,6,2007,33
3787,7,2007,33
3788,8,2007,33
3789,0,2007,34
3790,1,2007,34
3791,2,2007,34
3792,3,2007,34
3793,4,2007,34
3794,5,2007,34
3795,6,2007,34
3796,7,2007,34
3797,8,2007,34
3798,0,2007,35
3799,1,2007,35
3800,2,2007,35
3801,3,2007,35
3802,4,2007,35
3803,5,2007,35
3804,6,2007,35
3805,7,2007,35
3806,8,2007,35
3807,0,2007,36
3808,1,2007,36
3809,2,2007,36
3810,3,2007,36
3811,4,2007,36
3812,5,2007,36
3813,6,2007,36
3814,7,2007,36
3815,8,2007,36
3816,0,2007,37
3817,1,2007,37
3818,2,2007,37
3819,3,2007,37
3820,4,2007,37
3821,5,2007,37
3822,6,2007,37
3823,7,2007,37
3824,8,2007,37
3825,0,2007,38
3826,1,2007,38
3827,2,2007,38
3828,3,2007,38
3829,4,2007,38
3830,5,2007,38
3831,6,2007,38
3832,7,2007,38
3833,8,2007,38
3834,0,2007,39
3835,1,2007,39
3836,2,2007,39
3837,3,2007,39
3838,4,2007,39
3839,5,2007,39
3840,6,2007,39
3841,7,2007,39
3842,8,2007,39
3843,0,2007,40
3844,1,2007,40
3845,2,2007,40
3846,3,2007,40
3847,4,2007,40
3848,5,2007,40
3849,6,2007,40
3850,7,2007,40
3851,8,2007,40
3852,0,2007,41
3853,1,2007,41
3854,2,2007,41
3855,3,2007,41
3856,4,2007,41
3857,5,2007,41
3858,6,2007,41
3859,7,2007,41
3860,8,2007,41
3861,0,2007,42
3862,1,2007,42
3863,2,2007,42
3864,3,2007,42
3865,4,2007,42
3866,5,2007,42
3867,6,2007,42
3868,7,2007,42
3869,8,2007,42
3870,0,2007,43
3871,1,2007,43
3872,2,2007,43
3873,3,2007,43
3874,4,2007,43
3875,5,2007,43
3876,6,2007,43
3877,7,2007,43
3878,8,2007,43
3879,0,2007,44
3880,1,2007,44
3881,2,2007,44
3882,3,2007,44
3883,4,2007,44
3884,5,2007,44
3885,6,2007,44
3886,7,2007,44
3887,8,2007,44
3888,0,2007,45
3889,1,2007,45
3890,2,2007,45
3891,3,2007,45
3892,4,2007,45
3893,5,2007,45
3894,6,2007,45
3895,7,2007,45
3896,8,2007,45
3897,0,2007,46
3898,1,2007,46
3899,2,2007,46
3900,3,2007,46
3901,4,2007,46
3902,5,2007,46
3903,6,2007,46
3904,7,2007,46
3905,8,2007,46
3906,0,2007,47
3907,1,2007,47
3908,2,2007,47
3909,3,2007,47
3910,4,2007,47
3911,5,2007,47
3912,6,2007,47
3913,7,2007,47
3914,8,2007,47
3915,0,2007,48
3916,1,2007,48
3917,2,2007,48
3918,3,2007,48
3919,4,2007,48
3920,5,2007,48
3921,6,2007,48
3922,7,2007,48
3923,8,2007,48
3924,0,2007,49
3925,1,2007,49
3926,2,2007,49
3927,3,2007,49
3928,4,2007,49
3929,5,2007,49
3930,6,2007,49
3931,7,2007,49
3932,8,2007,49
3933,0,2007,50
3934,1,2007,50
3935,2,2007,50
3936,3,2007,50
3937,4,2007,50
3938,5,2007,50
3939,6,2007,50
3940,7,2007,50
3941,8,2007,50
3942,0,2007,51
3943,1,2007,51
3944,2,2007,51
3945,3,2007,51
3946,4,2007,51
3947,5,2007,51
3948,6,2007,51
3949,7,2007,51
3950,8,2007,51
3951,0,2007,52
3952,1,2007,52
3953,2,2007,52
3954,3,2007,52
3955,4,2007,52
3956,5,2007,52
3957,6,2007,52
3958,7,2007,52
3959,8,2007,52
3960,0,2008,1
3961,1,2008,1
3962,2,2008,1
3963,3,2008,1
3964,4,2008,1
3965,5,2008,1
3966,6,2008,1
3967,7,2008,1
3968,8,2008,1
3969,0,2008,2
3970,1,2008,2
3971,2,2008,2
3972,3,2008,2
3973,4,2008,2
3974,5,2008,2
3975,6,2008,2
3976,7,2008,2
3977,8,2008,2
3978,0,2008,3
3979,1,2008,3
3980,2,2008,3
3981,3,2008,3
3982,4,2008,3
3983,5,2008,3
3984,6,2008,3
3985,7,2008,3
3986,8,2008,3
3987,0,2008,4
3988,1,2008,4
3989,2,2008,4
3990,3,2008,4
3991,4,2008,4
3992,5,2008,4
3993,6,2008,4
3994,7,2008,4
3995,8,2008,4
3996,0,2008,5
3997,1,2008,5
3998,2,2008,5
3999,3,2008,5
4000,4,2008,5
4001,5,2008,5
4002,6,2008,5
4003,7,2008,5
4004,8,2008,5
4005,0,2008,6
4006,1,2008,6
4007,2,2008,6
4008,3,2008,6
4009,4,2008,6
4010,5,2008,6
4011,6,2008,6
4012,7,2008,6
4013,8,2008,6
4014,0,2008,7
4015,1,2008,7
4016,2,2008,7
4017,3,2008,7
4018,4,2008,7
4019,5,2008,7
4020,6,2008,7
4021,7,2008,7
4022,8,2008,7
4023,0,2008,8
4024,1,2008,8
4025,2,2008,8
4026,3,2008,8
4027,4,2008,8
4028,5,2008,8
4029,6,2008,8
4030,7,2008,8
4031,8,2008,8
4032,0,2008,9
4033,1,2008,9
4034,2,2008,9
4035,3,2008,9
4036,4,2008,9
4037,5,2008,9
4038,6,2008,9
4039,7,2008,9
4040,8,2008,9
4041,0,2008,10
4042,1,2008,10
4043,2,2008,10
4044,3,2008,10
4045,4,2008,10
4046,5,2008,10
4047,6,2008,10
4048,7,2008,10
4049,8,2008,10
4050,0,2008,11
4051,1,2008,11
4052,2,2008,11
4053,3,2008,11
4054,4,2008,11
4055,5,2008,11
4056,6,2008,11
4057,7,2008,11
4058,8,2008,11
4059,0,2008,12
4060,1,2008,12
4061,2,2008,12
4062,3,2008,12
4063,4,2008,12
4064,5,2008,12
4065,6,2008,12
4066,7,2008,12
4067,8,2008,12
4068,0,2008,13
4069,1,2008,13
4070,2,2008,13
4071,3,2008,13
4072,4,2008,13
4073,5,2008,13
4074,6,2008,13
4075,7,2008,13
4076,8,2008,13
4077,0,2008,14
4078,1,2008,14
4079,2,2008,14
4080,3,2008,14
4081,4,2008,14
4082,5,2008,14
4083,6,2008,14
4084,7,2008,14
4085,8,2008,14
4086,0,2008,15
4087,1,2008,15
4088,2,2008,15
4089,3,2008,15
4090,4,2008,15
4091,5,2008,15
4092,6,2008,15
4093,7,2008,15
4094,8,2008,15
4095,0,2008,16
4096,1,2008,16
4097,2,2008,16
4098,3,2008,16
4099,4,2008,16
4100,5,2008,16
4101,6,2008,16
4102,7,2008,16
4103,8,2008,16
4104,0,2008,17
4105,1,2008,17
4106,2,2008,17
4107,3,2008,17
4108,4,2008,17
4109,5,2008,17
4110,6,2008,17
4111,7,2008,17
4112,8,2008,17
4113,0,2008,18
4114,1,2008,18
4115,2,2008,18
4116,3,2008,18
4117,4,2008,18
4118,5,2008,18
4119,6,2008,18
4120,7,2008,18
4121,8,2008,18
4122,0,2008,19
4123,1,2008,19
4124,2,2008,19
4125,3,2008,19
4126,4,2008,19
4127,5,2008,19
4128,6,2008,19
4129,7,2008,19
4130,8,2008,19
4131,0,2008,20
4132,1,2008,20
4133,2,2008,20
4134,3,2008,20
4135,4,2008,20
4136,5,2008,20
4137,6,2008,20
4138,7,2008,20
4139,8,2008,20
4140,0,2008,21
4141,1,2008,21
4142,2,2008,21
4143,3,2008,21
4144,4,2008,21
4145,5,2008,21
4146,6,2008,21
4147,7,2008,21
4148,8,2008,21
4149,0,2008,22
4150,1,2008,22
4151,2,2008,22
4152,3,2008,22
4153,4,2008,22
4154,5,2008,22
4155,6,2008,22
4156,7,2008,22
4157,8,2008,22
4158,0,2008,23
4159,1,2008,23
4160,2,2008,23
4161,3,2008,23
4162,4,2008,23
4163,5,2008,23
4164,6,2008,23
4165,7,2008,23
4166,8,2008,23
4167,0,2008,24
4168,1,2008,24
4169,2,2008,24
4170,3,2008,24
4171,4,2008,24
4172,5,2008,24
4173,6,2008,24
4174,7,2008,24
4175,8,2008,24
4176,0,2008,25
4177,1,2008,25
4178,2,2008,25
4179,3,2008,25
4180,4,2008,25
4181,5,2008,25
4182,6,2008,25
4183,7,2008,25
4184,8,2008,25
4185,0,2008,26
4186,1,2008,26
4187,2,2008,26
4188,3,2008,26
4189,4,2008,26
4190,5,2008,26
4191,6,2008,26
4192,7,2008,26
4193,8,2008,26
4194,0,2008,27
4195,1,2008,27
4196,2,2008,27
4197,3,2008,27
4198,4,2008,27
4199,5,2008,27
4200,6,2008,27
4201,7,2008,27
4202,8,2008,27
4203,0,2008,28
4204,1,2008,28
4205,2,2008,28
4206,3,2008,28
4207,4,2008,28
4208,5,2008,28
4209,6,2008,28
4210,7,2008,28
4211,8,2008,28
4212,0,2008,29
4213,1,2008,29
4214,2,2008,29
4215,3,2008,29
4216,4,2008,29
4217,5,2008,29
4218,6,2008,29
4219,7,2008,29
4220,8,2008,29
4221,0,2008,30
4222,1,2008,30
4223,2,2008,30
4224,3,2008,30
4225,4,2008,30
4226,5,2008,30
4227,6,2008,30
4228,7,2008,30
4229,8,2008,30
4230,0,2008,31
4231,1,2008,31
4232,2,2008,31
4233,3,2008,31
4234,4,2008,31
4235,5,2008,31
4236,6,2008,31
4237,7,2008,31
4238,8,2008,31
4239,0,2008,32
4240,1,2008,32
4241,2,2008,32
4242,3,2008,32
4243,4,2008,32
4244,5,2008,32
4245,6,2008,32
4246,7,2008,32
4247,8,2008,32
4248,0,2008,33
4249,1,2008,33
4250,2,2008,33
4251,3,2008,33
4252,4,2008,33
4253,5,2008,33
4254,6,2008,33
4255,7,2008,33
4256,8,2008,33
4257,0,2008,34
4258,1,2008,34
4259,2,2008,34
4260,3,2008,34
4261,4,2008,34
4262,5,2008,34
4263,6,2008,34
4264,7,2008,34
4265,8,2008,34
4266,0,2008,35
4267,1,2008,35
4268,2,2008,35
4269,3,2008,35
4270,4,2008,35
4271,5,2008,35
4272,6,2008,35
4273,7,2008,35
4274,8,2008,35
4275,0,2008,36
4276,1,2008,36
4277,2,2008,36
4278,3,2008,36
4279,4,2008,36
4280,5,2008,36
4281,6,2008,36
4282,7,2008,36
4283,8,2008,36
4284,0,2008,37
4285,1,2008,37
4286,2,2008,37
4287,3,2008,37
4288,4,2008,37
4289,5,2008,37
4290,6,2008,37
4291,7,2008,37
4292,8,2008,37
4293,0,2008,38
4294,1,2008,38
4295,2,2008,38
4296,3,2008,38
4297,4,2008,38
4298,5,2008,38
4299,6,2008,38
4300,7,2008,38
4301,8,2008,38
4302,0,2008,39
4303,1,2008,39
4304,2,2008,39
4305,3,2008,39
4306,4,2008,39
4307,5,2008,39
4308,6,2008,39
4309,7,2008,39
4310,8,2008,39
4311,0,2008,40
4312,1,2008,40
4313,2,2008,40
4314,3,2008,40
4315,4,2008,40
4316,5,2008,40
4317,6,2008,40
4318,7,2008,40
4319,8,2008,40
4320,0,2008,41
4321,1,2008,41
4322,2,2008,41
4323,3,2008,41
4324,4,2008,41
4325,5,2008,41
4326,6,2008,41
4327,7,2008,41
4328,8,2008,41
4329,0,2008,42
4330,1,2008,42
4331,2,2008,42
4332,3,2008,42
4333,4,2008,42
4334,5,2008,42
4335,6,2008,42
4336,7,2008,42
4337,8,2008,42
4338,0,2008,43
4339,1,2008,43
4340,2,2008,43
4341,3,2008,43
4342,4,2008,43
4343,5,2008,43
4344,6,2008,43
4345,7,2008,43
4346,8,2008,43
4347,0,2008,44
4348,1,2008,44
4349,2,2008,44
4350,3,2008,44
4351,4,2008,44
4352,5,2008,44
4353,6,2008,44
4354,7,2008,44
4355,8,2008,44
4356,0,2008,45
4357,1,2008,45
4358,2,2008,45
4359,3,2008,45
4360,4,2008,45
4361,5,2008,45
4362,6,2008,45
4363,7,2008,45
4364,8,2008,45
4365,0,2008,46
4366,1,2008,46
4367,2,2008,46
4368,3,2008,46
4369,4,2008,46
4370,5,2008,46
4371,6,2008,46
4372,7,2008,46
4373,8,2008,46
4374,0,2008,47
4375,1,2008,47
4376,2,2008,47
4377,3,2008,47
4378,4,2008,47
4379,5,2008,47
4380,6,2008,47
4381,7,2008,47
4382,8,2008,47
4383,0,2008,48
4384,1,2008,48
4385,2,2008,48
4386,3,2008,48
4387,4,2008,48
4388,5,2008,48
4389,6,2008,48
4390,7,2008,48
4391,8,2008,48
4392,0,2008,49
4393,1,2008,49
4394,2,2008,49
4395,3,2008,49
4396,4,2008,49
4397,5,2008,49
4398,6,2008,49
4399,7,2008,49
4400,8,2008,49
4401,0,2008,50
4402,1,2008,50
4403,2,2008,50
4404,3,2008,50
4405,4,2008,50
4406,5,2008,50
4407,6,2008,50
4408,7,2008,50
4409,8,2008,50
4410,0,2008,51
4411,1,2008,51
4412,2,2008,51
4413,3,2008,51
4414,4,2008,51
4415,5,2008,51
4416,6,2008,51
4417,7,2008,51
4418,8,2008,51
4419,0,2008,52
4420,1,2008,52
4421,2,2008,52
4422,3,2008,52
4423,4,2008,52
4424,5,2008,52
4425,6,2008,52
4426,7,2008,52
4427,8,2008,52
4428,0,2008,53
4429,1,2008,53
4430,2,2008,53
4431,3,2008,53
4432,4,2008,53
4433,5,2008,53
4434,6,2008,53
4435,7,2008,53
4436,8,2008,53
4437,0,2009,1
4438,1,2009,1
4439,2,2009,1
4440,3,2009,1
4441,4,2009,1
4442,5,2009,1
4443,6,2009,1
4444,7,2009,1
4445,8,2009,1
4446,0,2009,2
4447,1,2009,2
4448,2,2009,2
4449,3,2009,2
4450,4,2009,2
4451,5,2009,2
4452,6,2009,2
4453,7,2009,2
4454,8,2009,2
4455,0,2009,3
4456,1,2009,3
4457,2,2009,3
4458,3,2009,3
4459,4,2009,3
4460,5,2009,3
4461,6,2009,3
4462,7,2009,3
4463,8,2009,3
4464,0,2009,4
4465,1,2009,4
4466,2,2009,4
4467,3,2009,4
4468,4,2009,4
4469,5,2009,4
4470,6,2009,4
4471,7,2009,4
4472,8,2009,4
4473,0,2009,5
4474,1,2009,5
4475,2,2009,5
4476,3,2009,5
4477,4,2009,5
4478,5,2009,5
4479,6,2009,5
4480,7,2009,5
4481,8,2009,5
4482,0,2009,6
4483,1,2009,6
4484,2,2009,6
4485,3,2009,6
4486,4,2009,6
4487,5,2009,6
4488,6,2009,6
4489,7,2009,6
4490,8,2009,6
4491,0,2009,7
4492,1,2009,7
4493,2,2009,7
4494,3,2009,7
4495,4,2009,7
4496,5,2009,7
4497,6,2009,7
4498,7,2009,7
4499,8,2009,7
4500,0,2009,8
4501,1,2009,8
4502,2,2009,8
4503,3,2009,8
4504,4,2009,8
4505,5,2009,8
4506,6,2009,8
4507,7,2009,8
4508,8,2009,8
4509,0,2009,9
4510,1,2009,9
4511,2,2009,9
4512,3,2009,9
4513,4,2009,9
4514,5,2009,9
4515,6,2009,9
4516,7,2009,9
4517,8,2009,9
4518,0,2009,10
4519,1,2009,10
4520,2,2009,10
4521,3,2009,10
4522,4,2009,10
4523,5,2009,10
4524,6,2009,10
4525,7,2009,10
4526,8,2009,10
4527,0,2009,11
4528,1,2009,11
4529,2,2009,11
4530,3,2009,11
4531,4,2009,11
4532,5,2009,11
4533,6,2009,11
4534,7,2009,11
4535,8,2009,11
4536,0,2009,12
4537,1,2009,12
4538,2,2009,12
4539,3,2009,12
4540,4,2009,12
4541,5,2009,12
4542,6,2009,12
4543,7,2009,12
4544,8,2009,12
4545,0,2009,13
4546,1,2009,13
4547,2,2009,13
4548,3,2009,13
4549,4,2009,13
4550,5,2009,13
4551,6,2009,13
4552,7,2009,13
4553,8,2009,13
4554,0,2009,14
4555,1,2009,14
4556,2,2009,14
4557,3,2009,14
4558,4,2009,14
4559,5,2009,14
4560,6,2009,14
4561,7,2009,14
4562,8,2009,14
4563,0,2009,15
4564,1,2009,15
4565,2,2009,15
4566,3,2009,15
4567,4,2009,15
4568,5,2009,15
4569,6,2009,15
4570,7,2009,15
4571,8,2009,15
4572,0,2009,16
4573,1,2009,16
4574,2,2009,16
4575,3,2009,16
4576,4,2009,16
4577,5,2009,16
4578,6,2009,16
4579,7,2009,16
4580,8,2009,16
4581,0,2009,17
4582,1,2009,17
4583,2,2009,17
4584,3,2009,17
4585,4,2009,17
4586,5,2009,17
4587,6,2009,17
4588,7,2009,17
4589,8,2009,17
4590,0,2009,18
4591,1,2009,18
4592,2,2009,18
4593,3,2009,18
4594,4,2009,18
4595,5,2009,18
4596,6,2009,18
4597,7,2009,18
4598,8,2009,18
4599,0,2009,19
4600,1,2009,19
4601,2,2009,19
4602,3,2009,19
4603,4,2009,19
4604,5,2009,19
4605,6,2009,19
4606,7,2009,19
4607,8,2009,19
4608,0,2009,20
4609,1,2009,20
4610,2,2009,20
4611,3,2009,20
4612,4,2009,20
4613,5,2009,20
4614,6,2009,20
4615,7,2009,20
4616,8,2009,20
4617,0,2009,21
4618,1,2009,21
4619,2,2009,21
4620,3,2009,21
4621,4,2009,21
4622,5,2009,21
4623,6,2009,21
4624,7,2009,21
4625,8,2009,21
4626,0,2009,22
4627,1,2009,22
4628,2,2009,22
4629,3,2009,22
4630,4,2009,22
4631,5,2009,22
4632,6,2009,22
4633,7,2009,22
4634,8,2009,22
4635,0,2009,23
4636,1,2009,23
4637,2,2009,23
4638,3,2009,23
4639,4,2009,23
4640,5,2009,23
4641,6,2009,23
4642,7,2009,23
4643,8,2009,23
4644,0,2009,24
4645,1,2009,24
4646,2,2009,24
4647,3,2009,24
4648,4,2009,24
4649,5,2009,24
4650,6,2009,24
4651,7,2009,24
4652,8,2009,24
4653,0,2009,25
4654,1,2009,25
4655,2,2009,25
4656,3,2009,25
4657,4,2009,25
4658,5,2009,25
4659,6,2009,25
4660,7,2009,25
4661,8,2009,25
4662,0,2009,26
4663,1,2009,26
4664,2,2009,26
4665,3,2009,26
4666,4,2009,26
4667,5,2009,26
4668,6,2009,26
4669,7,2009,26
4670,8,2009,26
4671,0,2009,27
4672,1,2009,27
4673,2,2009,27
4674,3,2009,27
4675,4,2009,27
4676,5,2009,27
4677,6,2009,27
4678,7,2009,27
4679,8,2009,27
4680,0,2009,28
4681,1,2009,28
4682,2,2009,28
4683,3,2009,28
4684,4,2009,28
4685,5,2009,28
4686,6,2009,28
4687,7,2009,28
4688,8,2009,28
4689,0,2009,29
4690,1,2009,29
4691,2,2009,29
4692,3,2009,29
4693,4,2009,29
4694,5,2009,29
4695,6,2009,29
4696,7,2009,29
4697,8,2009,29
4698,0,2009,30
4699,1,2009,30
4700,2,2009,30
4701,3,2009,30
4702,4,2009,30
4703,5,2009,30
4704,6,2009,30
4705,7,2009,30
4706,8,2009,30
4707,0,2009,31
4708,1,2009,31
4709,2,2009,31
4710,3,2009,31
4711,4,2009,31
4712,5,2009,31
4713,6,2009,31
4714,7,2009,31
4715,8,2009,31
4716,0,2009,32
4717,1,2009,32
4718,2,2009,32
4719,3,2009,32
4720,4,2009,32
4721,5,2009,32
4722,6,2009,32
4723,7,2009,32
4724,8,2009,32
4725,0,2009,33
4726,1,2009,33
4727,2,2009,33
4728,3,2009,33
4729,4,2009,33
4730,5,2009,33
4731,6,2009,33
4732,7,2009,33
4733,8,2009,33
4734,0,2009,34
4735,1,2009,34
4736,2,2009,34
4737,3,2009,34
4738,4,2009,34
4739,5,2009,34
4740,6,2009,34
4741,7,2009,34
4742,8,2009,34
4743,0,2009,35
4744,1,2009,35
4745,2,2009,35
4746,3,2009,35
4747,4,2009,35
4748,5,2009,35
4749,6,2009,35
4750,7,2009,35
4751,8,2009,35
4752,0,2009,36
4753,1,2009,36
4754,2,2009,36
4755,3,2009,36
4756,4,2009,36
4757,5,2009,36
4758,6,2009,36
4759,7,2009,36
4760,8,2009,36
4761,0,2009,37
4762,1,2009,37
4763,2,2009,37
4764,3,2009,37
4765,4,2009,37
4766,5,2009,37
4767,6,2009,37
4768,7,2009,37
4769,8,2009,37
4770,0,2009,38
4771,1,2009,38
4772,2,2009,38
4773,3,2009,38
4774,4,2009,38
4775,5,2009,38
4776,6,2009,38
4777,7,2009,38
4778,8,2009,38
4779,0,2009,39
4780,1,2009,39
4781,2,2009,39
4782,3,2009,39
4783,4,2009,39
4784,5,2009,39
4785,6,2009,39
4786,7,2009,39
4787,8,2009,39
4788,0,2009,40
4789,1,2009,40
4790,2,2009,40
4791,3,2009,40
4792,4,2009,40
4793,5,2009,40
4794,6,2009,40
4795,7,2009,40
4796,8,2009,40
4797,0,2009,41
4798,1,2009,41
4799,2,2009,41
4800,3,2009,41
4801,4,2009,41
4802,5,2009,41
4803,6,2009,41
4804,7,2009,41
4805,8,2009,41
4806,0,2009,42
4807,1,2009,42
4808,2,2009,42
4809,3,2009,42
4810,4,2009,42
4811,5,2009,42
4812,6,2009,42
4813,7,2009,42
4814,8,2009,42
4815,0,2009,43
4816,1,2009,43
4817,2,2009,43
4818,3,2009,43
4819,4,2009,43
4820,5,2009,43
4821,6,2009,43
4822,7,2009,43
4823,8,2009,43
4824,0,2009,44
4825,1,2009,44
4826,2,2009,44
4827,3,2009,44
4828,4,2009,44
4829,5,2009,44
4830,6,2009,44
4831,7,2009,44
4832,8,2009,44
4833,0,2009,45
4834,1,2009,45
4835,2,2009,45
4836,3,2009,45
4837,4,2009,45
4838,5,2009,45
4839,6,2009,45
4840,7,2009,45
4841,8,2009,45
4842,0,2009,46
4843,1,2009,46
4844,2,2009,46
4845,3,2009,46
4846,4,2009,46
4847,5,2009,46
4848,6,2009,46
4849,7,2009,46
4850,8,2009,46
4851,0,2009,47
4852,1,2009,47
4853,2,2009,47
4854,3,2009,47
4855,4,2009,47
4856,5,2009,47
4857,6,2009,47
4858,7,2009,47
4859,8,2009,47
